Symbol,ETF Name,Asset Class,Total Assets ,YTD Price Change,Avg. Daily Volume,Previous Closing Price,1-Day Change,Inverse,Leveraged,1 Week,1 Month,1 Year,3 Year,5 Year,YTD FF,1 Week FF,4 Week FF,1 Year FF,3 Year FF,5 Year FF,ETF Database Category,Inception,ER,Commission Free,Annual Dividend Rate,Dividend Date,Dividend,Annual Dividend Yield %,P/E Ratio,Beta,# of Holdings,% In Top 10,ST Cap Gain Rate,LT Cap Gain Rate,Tax Form,Lower Bollinger,Upper Bollinger,Support 1,Resistance 1,RSI,Liquidity Rating,Expenses Rating,Returns Rating,Volatility Rating,Dividend Rating,Concentration Rating,ESG Score,ESG Score Peer Percentile (%),ESG Score Global Percentile (%),Carbon Intensity (Tons of CO2e / $M Sales),SRI Exclusion Criteria (%),Sustainable Impact Solutions (%)
QQQ,Invesco QQQ Trust Series I,Equity,"$294,017,000,000",19.14%,"37,429,728",$485.82,0.09%,No,False,3.19%,1.35%,38.10%,9.90%,21.71%,"$19,689,058,450.00","$2,281,270,700.00","$32,411,750.00","$23,691,075,100.00","$38,282,873,100.00","$69,270,699,300.00",Large Cap Growth Equities,1999-03-10,0.20%,N/A,$3.04,2024-09-23,$0.68,0.62%,22.70,1.11,102,50.97%,40%,20%,1099,$450.02,$490.48,$484.32,$487.55,58.74,A,B+,A,C+,B-,B-,6.79,64.88%,60.18%,59.12,6.99%,9.28%
VGT,Vanguard Information Technology ETF,Equity,"$76,819,100,000",20.91%,"493,212",$583.02,0.07%,No,False,3.56%,0.52%,43.48%,12.20%,23.23%,"$5,200,064,678.39","$44,175,249.24","$314,600,350.05","$6,093,267,085.14","$6,166,556,366.13","$12,413,784,191.09",Technology Equities,2004-01-26,0.10%,Vanguard,$3.70,2024-06-28,$0.76,0.64%,27.40,1.16,319,57.92%,40%,20%,1099,$535.03,$591.26,$580.50,$585.76,57.47,A,A,A-,B+,A-,A,7.56,85.81%,88.81%,19.98,1.77%,13.36%
XLK,Technology Select Sector SPDR Fund,Equity,"$69,556,200,000",17.11%,"5,450,145",$224.25,0.29%,No,False,3.44%,0.31%,39.48%,13.65%,24.14%,"$1,595,125,391.05","$164,092,594.10","-$1,000,530,675.30","$4,071,923,022.15","$5,177,388,679.30","$5,329,100,776.05",Technology Equities,1998-12-16,0.09%,N/A,$1.56,2024-09-23,$0.40,0.70%,23.77,1.14,71,61.74%,40%,20%,1099,$204.90,$228.12,$223.14,$225.30,56.33,A+,A,A-,A-,A,B+,8.24,97.05%,98.80%,21.77,2.55%,18.32%
SMH,VanEck Semiconductor ETF,Equity,"$23,420,000,000",40.41%,"8,782,396",$245.54,0.88%,No,False,6.27%,-1.15%,75.56%,22.63%,34.15%,"$6,584,381,010.00","$512,488,700.00","$387,605,395.00","$6,882,490,145.00","$9,859,581,470.00","$12,240,426,826.45",Technology Equities,2000-05-05,0.35%,N/A,$1.04,2023-12-18,$1.04,0.42%,20.35,1.35,26,71.89%,40%,20%,1099,$216.70,$249.51,$243.20,$247.48,54.51,A,A,A+,B-,A-,C,8.77,98.99%,99.89%,51.39,0.00%,20.99%
IYW,iShares U.S. Technology ETF,Equity,"$18,798,400,000",22.93%,"889,680",$150.73,0.27%,No,False,3.64%,0.90%,46.23%,12.58%,24.89%,"$1,409,359,385.60","$30,203,254.35","-$308,013,304.45","$2,818,986,718.40","$3,732,889,093.10","$4,132,230,808.10",Technology Equities,2000-05-15,0.39%,N/A,$0.48,2024-06-11,$0.08,0.32%,26.80,1.15,142,63.59%,40%,20%,1099,$138.05,$152.66,$149.92,$151.46,57.64,A,A-,A,B+,B+,A,7.38,80.00%,83.83%,18.04,2.40%,12.85%
SOXX,iShares Semiconductor ETF,Equity,"$14,957,100,000",19.14%,"4,240,119",$228.27,0.44%,No,False,4.85%,-2.19%,49.53%,14.05%,27.70%,"$2,876,959,705.80","$76,420,556.60","-$138,315,262.25","$2,857,886,799.25","$4,050,751,647.30","$6,574,071,662.30",Technology Equities,2001-07-10,0.35%,N/A,$2.58,2024-06-11,$0.31,1.13%,20.34,1.34,32,58.31%,40%,20%,1099,$205.78,$233.79,$226.16,$230.08,52.59,A,A,A,C+,A,C+,8.05,95.21%,97.44%,46.98,0.00%,12.04%
FTEC,Fidelity MSCI Information Technology Index ETF,Equity,"$11,925,600,000",20.97%,"326,829",$173.04,0.19%,No,False,3.62%,0.43%,43.92%,12.44%,23.35%,"$1,840,685,010.00",$0.00,"$16,817,895.00","$2,051,566,430.00","$2,635,041,355.00","$3,607,876,095.00",Technology Equities,2013-10-21,0.08%,Fidelity,$1.13,2024-09-20,$0.22,0.65%,26.36,1.16,297,58.54%,40%,20%,1099,$158.83,$175.53,$172.35,$173.87,57.28,A-,A,A-,B+,A-,A,7.57,85.99%,89.09%,19.85,1.77%,13.50%
SOXL,Direxion Daily Semiconductor Bull 3x Shares,Equity,"$11,895,300,000",14.43%,"90,786,992",$35.74,1.91%,No,3x,14.97%,-11.38%,108.87%,-8.70%,26.60%,"$1,161,618,850.00","-$265,020,800.00","$720,354,150.00","-$883,269,600.00","$4,234,215,750.00","$3,717,270,294.94",Leveraged Equities,2010-03-11,0.76%,N/A,$0.31,2024-09-24,$0.06,0.87%,0.03,4.08,31,63.04%,40%,20%,1099,$26.16,$38.79,$34.77,$36.58,49.73,A,A,C+,C,B-,A-,7.66,92.31%,91.02%,46.33,0.00%,8.38%
IGV,iShares Expanded Tech-Software Sector ETF,Equity,"$7,002,690,000",9.53%,"3,854,331",$88.86,-0.52%,No,False,2.29%,2.88%,32.59%,1.70%,16.07%,"-$1,122,407,739.90","$8,845,992.55","$456,174,689.30","-$1,284,744,546.25","$370,673,149.85","$459,516,249.85",Technology Equities,2001-07-10,0.41%,N/A,$0.00,2023-06-07,$0.02,0.00%,48.06,1.06,116,58.25%,40%,20%,1099,$83.27,$90.29,N/A,N/A,58.98,A,A-,B+,B,C,B+,7.86,91.98%,94.90%,8.57,7.89%,1.83%
CIBR,First Trust NASDAQ Cybersecurity ETF,Equity,"$6,649,380,000",10.24%,"612,646",$59.26,-0.67%,No,False,3.38%,0.07%,33.34%,5.57%,17.19%,"$83,482,050.00","-$202,365,550.00","-$348,043,150.00","$105,165,500.00","$910,464,800.00","$3,358,212,250.00",Technology Equities,2015-07-07,0.59%,N/A,$0.26,2024-06-27,$0.07,0.45%,27.85,1.00,34,60.35%,40%,20%,1099,$55.46,$60.36,$58.98,$59.71,57.96,A,B,B-,B+,B,B-,6.75,50.60%,58.64%,7.56,12.24%,0.70%
FDN,First Trust Dow Jones Internet Index Fund,Equity,"$5,958,520,000",13.73%,"328,674",$212.16,-0.15%,No,False,4.10%,4.51%,35.40%,-5.10%,9.43%,"-$766,092,750.00","$52,589,350.00","-$16,560,700.00","-$1,266,582,900.00","-$2,950,817,150.00","-$5,804,950,300.00",Large Cap Growth Equities,2006-06-19,0.51%,N/A,$0.00,2011-12-21,$0.01,0.00%,31.05,1.12,43,63.39%,40%,20%,1099,$191.25,$213.48,$211.70,$213.04,65.09,A-,B-,C+,C,C,C,5.73,27.19%,31.77%,14.67,11.37%,0.57%
ARKK,ARK Innovation ETF,Equity,"$5,793,100,000",-10.52%,"7,536,492",$46.86,-1.24%,No,False,1.47%,1.34%,21.94%,-25.91%,2.53%,"-$2,613,273,800.00","-$131,027,900.00","-$250,462,100.00","-$2,365,881,300.00","-$3,181,234,900.00","$12,264,551,100.00",All Cap Equities,2014-10-31,0.75%,N/A,$0.00,2023-09-08,$0.36,0.00%,0.00,1.64,34,64.98%,40%,20%,1099,$41.67,$48.32,$46.58,$47.36,56.62,A+,C+,A+,C,B,C,4.99,20.46%,22.63%,15.09,2.24%,0.64%
FNGU,MicroSectors FANG+™ Index 3X Leveraged ETN,Equity,"$5,440,620,000",78.68%,"1,024,368",$416.13,-0.55%,No,3x,8.93%,2.88%,189.50%,4.32%,66.50%,$0.00,$0.00,$0.00,$0.00,"$520,365,090.05","$985,415,939.71",Leveraged Equities,2018-01-22,0.95%,N/A,$0.00,N/A,N/A,0.00%,0.03,3.77,10,100.00%,40%,20%,1099,$322.07,$434.34,$411.28,$422.71,54.65,A,B+,N/A,C,C,N/A,0.0,N/A,N/A,N/A,N/A,N/A
IGM,iShares Expanded Tech Sector ETF,Equity,"$5,235,540,000",27.52%,"306,926",$95.17,0.00%,No,False,3.51%,1.31%,52.01%,10.83%,21.87%,"$449,965,853.21","$51,742,233.40","$77,779,016.40","$550,476,906.46","$459,736,755.21","$817,474,500.21",Technology Equities,2001-03-13,0.41%,N/A,$0.61,2024-06-11,$0.04,0.64%,27.54,1.18,283,53.93%,40%,20%,1099,$87.06,$96.39,$94.80,$95.63,58.94,B+,A-,B+,B,B,A,6.88,54.47%,64.04%,17.2,2.04%,8.52%
IXN,iShares Global Tech ETF,Equity,"$5,182,270,000",20.54%,"273,020",$82.02,0.02%,No,False,3.00%,-0.76%,44.40%,11.87%,22.64%,"$207,320,975.00","$12,299,685.00","$20,838,295.00","$330,332,470.00","-$1,830,102,345.00","-$1,313,567,580.05",Technology Equities,2001-11-12,0.41%,N/A,$0.37,2024-06-11,$0.16,0.45%,24.16,1.15,124,62.09%,40%,20%,1099,$75.63,$83.71,$81.71,$82.39,55.20,A,A-,A-,A-,A+,A-,8.16,96.31%,98.30%,29.64,1.63%,15.44%
NVDL,GraniteShares 2x Long NVDA Daily ETF,Equity,"$4,912,620,000",304.26%,"24,042,864",$60.37,4.32%,No,1.5x,17.98%,-12.76%,358.57%,N/A,N/A,"$3,706,385,511.74","-$40,769,900.00","-$228,535,800.00","$3,695,613,211.74","$3,890,530,811.74","$3,890,530,811.74",Leveraged Equities,2022-12-13,1.15%,N/A,$1.68,2023-12-27,$1.68,2.79%,0.00,-4.63,3,100.00%,40%,20%,1099,$42.29,$64.18,$58.71,$61.87,53.31,N/A,C,N/A,N/A,B-,N/A,0.0,N/A,N/A,N/A,N/A,N/A
KWEB,KraneShares CSI China Internet ETF,Equity,"$4,663,540,000",8.41%,"16,545,664",$29.27,-2.56%,No,False,13.76%,10.96%,10.51%,-12.03%,-5.31%,"-$1,046,151,688.16","$29,932,895.88","-$75,178,772.64","-$1,123,055,438.69","$1,918,175,548.57","$8,451,425,631.74",China Equities,2013-07-31,0.70%,N/A,$0.46,2023-12-27,$0.04,1.59%,0.05,0.51,33,63.40%,40%,20%,1099,$23.57,$28.60,N/A,N/A,65.04,A,B-,B-,C,B+,N/A,4.89,20.00%,21.40%,20.23,0.00%,0.52%
QTEC,First Trust NASDAQ-100 Technology Sector Index Fund,Equity,"$3,925,030,000",7.73%,"118,640",$189.00,-0.11%,No,False,3.31%,-1.45%,33.15%,4.34%,17.04%,"$166,219,800.00","$418,200.00","$9,545,900.00","$265,197,250.00","-$137,171,750.00","-$576,087,550.00",Technology Equities,2006-04-19,0.57%,N/A,$0.10,2024-06-27,$0.03,0.06%,24.48,1.17,44,24.90%,40%,20%,1099,$176.94,$192.32,$188.15,$190.12,53.26,A-,B,B+,B-,B-,B-,7.43,82.49%,85.40%,25.41,0.00%,4.91%
XT,iShares Exponential Technologies ETF,Equity,"$3,460,810,000",-0.15%,"107,163",$59.62,-0.48%,No,False,2.26%,-0.52%,16.87%,-2.30%,9.88%,"-$40,996,070.00",$0.00,$0.00,"-$92,060,820.00","-$240,683,625.00","-$190,710,905.00",Large Cap Growth Equities,2015-03-19,0.46%,N/A,$0.27,2024-06-11,$0.16,0.44%,21.89,1.02,191,9.27%,40%,20%,1099,$56.56,$60.43,$59.45,$59.89,55.12,A-,B-,B,B-,B-,B+,7.34,78.34%,82.79%,142.64,1.27%,13.99%
RSPT,Invesco S&P 500 Equal Weight Technology ETF,Equity,"$3,442,190,000",14.60%,"742,363",$37.28,-0.19%,No,False,2.81%,0.64%,35.53%,8.00%,16.91%,"-$611,423,100.00","-$5,285,720.00","-$13,036,200.00","-$435,599,150.00","-$186,177,610.00","-$60,583,730.00",Technology Equities,2006-11-01,0.40%,N/A,$0.17,2024-09-23,$0.04,0.46%,N/A,N/A,71,15.48%,40%,20%,1099,$34.85,$37.73,$37.14,$37.45,57.27,A,A-,B+,C,B+,N/A,7.61,87.00%,89.95%,30.45,2.99%,6.97%
TECL,Direxion Daily Technology Bull 3X Shares,Equity,"$3,282,660,000",29.31%,"1,798,528",$86.05,0.90%,No,3x,10.31%,-2.04%,107.18%,9.83%,40.04%,"-$549,572,150.00","$4,331,750.00","$4,807,350.00","-$692,581,100.00","-$441,481,500.00","-$946,058,650.00",Leveraged Equities,2008-12-17,0.94%,N/A,$0.28,2024-06-25,$0.10,0.33%,0.03,3.54,70,64.00%,40%,20%,1099,$66.63,$90.25,$84.77,$87.24,54.37,A-,A,B,C+,A-,B+,7.79,94.67%,93.68%,21.27,1.55%,11.10%
SKYY,First Trust Cloud Computing ETF,Equity,"$2,976,990,000",16.30%,"132,888",$101.96,-0.38%,No,False,2.90%,4.16%,37.91%,-2.39%,12.84%,"-$375,833,550.00","-$20,264,600.00","-$105,905,750.00","-$522,293,100.00","-$2,192,747,300.00","-$971,121,450.00",Technology Equities,2011-07-05,0.60%,N/A,$0.00,2022-09-23,$0.01,0.00%,0.03,1.06,64,38.39%,40%,20%,1099,$92.38,$103.40,N/A,N/A,63.44,A,B,B+,B-,B,C+,7.35,78.80%,82.96%,16.53,8.63%,2.11%
TDIV,First Trust NASDAQ Technology Dividend Index Fund,Equity,"$2,862,860,000",25.73%,"103,569",$79.97,-0.05%,No,False,2.80%,3.23%,45.79%,13.22%,17.48%,"$69,640,100.00","-$8,232,000.00","$10,926,750.00","$89,988,150.00","$436,305,658.50","$602,828,268.50",Technology Equities,2012-08-14,0.50%,N/A,$1.23,2024-06-27,$0.37,1.54%,19.33,1.00,88,55.13%,40%,20%,1099,$73.82,$80.73,$79.73,$80.28,61.70,A-,B,C,A,A,A-,7.41,81.75%,84.75%,36.3,4.97%,2.45%
AIQ,Global X Artificial Intelligence & Technology ETF,Equity,"$2,197,530,000",17.32%,"430,055",$36.54,-0.30%,No,False,4.28%,2.84%,37.97%,5.45%,18.55%,"$1,046,801,867.08","-$219,273.11","$108,374.85","$1,274,922,837.29","$1,696,431,575.86","$1,780,610,455.33",Large Cap Growth Equities,2018-05-11,0.68%,N/A,$0.06,2024-06-27,$0.04,0.17%,25.01,1.13,85,33.55%,40%,20%,1099,$33.32,$36.68,$36.41,$36.68,60.94,B,C,A,C,C+,N/A,6.9,55.39%,64.88%,24.6,6.65%,5.83%
HACK,Amplify Cybersecurity ETF,Equity,"$1,752,220,000",12.69%,"91,965",$68.05,-0.74%,No,False,3.12%,0.49%,34.67%,2.26%,13.20%,"-$105,575,000.00","-$6,596,000.00","-$13,229,000.00","-$124,990,500.00","-$638,563,500.00","-$537,110,000.00",Technology Equities,2014-11-11,0.60%,N/A,$0.12,2024-06-27,$0.03,0.18%,0.03,0.93,26,57.38%,40%,20%,1099,$63.04,$69.36,$67.76,$68.47,59.32,A-,B,C+,A,B+,B-,6.53,44.79%,49.09%,12.32,18.46%,0.52%
ARKW,ARK Next Generation Internet ETF,Equity,"$1,421,470,000",11.94%,"127,334",$84.96,-0.70%,No,False,4.44%,3.96%,62.85%,-15.96%,12.93%,"-$509,818,350.00","-$8,496,800.00","-$32,031,450.00","-$496,932,100.00","-$1,819,499,150.00","$1,819,643,150.00",Large Cap Growth Equities,2014-09-30,0.87%,N/A,$0.00,2021-12-29,$3.31,0.00%,0.00,1.55,39,62.27%,40%,20%,1099,$73.67,$86.40,$84.67,$85.50,61.57,A,C,C,C,B,C,4.95,20.28%,22.24%,12.54,5.47%,2.02%
FTXL,First Trust Nasdaq Semiconductor ETF,Equity,"$1,416,500,000",13.42%,"48,377",$92.28,0.67%,No,False,4.89%,-2.51%,40.93%,9.66%,22.34%,"$14,841,550.00","-$9,972,900.00","-$14,563,500.00","-$85,901,650.00","$895,860,169.50","$913,141,789.50",Technology Equities,2016-09-20,0.60%,N/A,$0.50,2024-06-27,$0.12,0.54%,18.91,1.29,32,60.90%,40%,20%,1099,$83.37,$94.58,$91.43,$93.00,52.37,B-,B,A,B-,B+,C,7.6,86.45%,89.78%,40.53,0.00%,12.52%
FXL,First Trust Technology AlphaDEX Fund,Equity,"$1,346,550,000",7.55%,"21,526",$137.62,-0.22%,No,False,2.81%,0.79%,28.25%,2.54%,16.32%,"-$86,368,800.00",$0.00,"-$6,810,300.00","-$84,304,000.00","-$1,453,402,000.00","-$2,344,026,000.00",Technology Equities,2007-05-08,0.62%,N/A,$0.52,2024-03-21,$0.12,0.38%,19.23,1.19,103,19.48%,40%,20%,1099,$126.91,$139.77,$137.19,$138.30,57.74,B+,B-,B,A-,B-,A-,6.75,50.69%,58.73%,17.31,3.60%,4.65%
XSD,SPDR S&P Semiconductor ETF,Equity,"$1,340,100,000",3.93%,"80,138",$233.25,-0.38%,No,False,3.31%,-2.23%,23.04%,4.18%,21.06%,"-$192,406,707.96","-$2,285,853.42","-$30,244,839.42","-$284,793,990.42","$115,298,483.53","$410,644,951.79",Technology Equities,2006-01-31,0.35%,N/A,$0.58,2024-09-23,$0.17,0.25%,20.85,1.41,41,31.92%,40%,20%,1099,$212.75,$241.50,$231.76,$235.24,51.97,B+,A,B+,C+,B,B,6.35,40.00%,43.74%,53.82,0.00%,10.51%
BULZ,MicroSectors Solactive FANG & Innovation 3X Leveraged ETN,Equity,"$1,202,700,000",37.64%,"128,445",$144.82,2.36%,No,3x,18.77%,5.33%,142.91%,-19.05%,N/A,$0.00,$0.00,$0.00,$0.00,"$782,203,729.64","$847,001,496.75",Leveraged Equities,2021-08-17,0.95%,N/A,$0.00,N/A,N/A,0.00%,0.00,4.41,0,N/A,40%,20%,1099,$106.26,$144.13,$142.10,$147.00,57.54,A-,A,N/A,C,B,N/A,0.0,N/A,N/A,N/A,N/A,N/A
USD,ProShares Ultra Semiconductors,Equity,"$1,149,590,000",123.48%,"684,002",$121.62,2.93%,No,2x,15.06%,-7.04%,236.11%,47.21%,61.33%,"$294,851,781.00","$4,579,542.00","$22,675,362.00","$281,707,779.00","$289,670,699.00","$386,685,509.00",Leveraged Equities,2007-01-30,0.95%,N/A,$0.03,2023-12-20,$0.03,0.02%,0.00,2.70,37,92.09%,40%,20%,1099,$89.80,$126.66,$119.11,$123.83,53.95,B+,B,B-,C+,B,A-,0.0,N/A,N/A,N/A,N/A,N/A
ROBO,ROBO Global Robotics & Automation Index ETF,Equity,"$1,118,630,000",-3.25%,"74,858",$55.44,-0.09%,No,False,2.29%,-0.23%,12.78%,-6.61%,7.98%,"-$231,185,799.37","-$8,462,948.66","-$25,442,372.94","-$283,304,360.63","-$406,054,772.31","-$521,845,137.04",Global Equities,2013-10-22,0.95%,N/A,$0.03,2023-12-26,$0.03,0.05%,22.93,1.25,80,17.04%,40%,20%,1099,$51.74,$56.42,$55.20,$55.83,55.42,A-,C,B+,C+,C,B+,6.95,57.97%,67.22%,23.63,1.27%,6.83%
IHAK,iShares Cybersecurity & Tech ETF,Equity,"$890,507,000",6.23%,"85,572",$48.26,-1.01%,No,False,1.94%,-1.41%,27.46%,2.36%,14.72%,"$92,061,560.00","-$2,416,045.00","-$2,402,165.00","$130,100,035.00","$158,933,820.00","$704,602,565.00",Technology Equities,2019-06-11,0.47%,N/A,$0.05,2023-12-20,$0.05,0.10%,28.81,0.82,35,45.85%,40%,20%,1099,$45.87,$49.42,$48.04,$48.58,55.85,A-,B+,B-,A-,B,N/A,6.33,39.63%,43.40%,7.78,11.96%,1.92%
SOXS,Direxion Daily Semiconductor Bear 3x Shares,Equity,"$864,976,000",-58.26%,"59,830,672",$21.03,-1.96%,Yes,-3x,-14.73%,-1.26%,-80.01%,-65.10%,-77.32%,"$320,545,795.85","$207,022,450.00","$219,878,350.00","$967,684,845.85","$2,836,740,619.53","$3,233,195,466.89",Inverse Equities,2010-03-11,1.03%,N/A,$0.99,2024-09-24,$0.23,4.63%,0.00,-3.51,1,100.00%,40%,20%,1099,$19.46,$29.45,$20.51,$21.65,44.14,A,C,B+,C,A-,C+,5.46,33.87%,28.10%,1.82,0.00%,0.00%
XNTK,SPDR NYSE Technology ETF,Equity,"$825,244,000",19.75%,"14,677",$195.86,0.20%,No,False,5.02%,2.48%,47.12%,6.70%,22.64%,"$38,131,716.31","-$3,853,154.16","-$5,741,491.24","$51,150,753.87","-$11,239,749.33","-$43,140,459.73",Technology Equities,2000-09-25,0.35%,N/A,$0.83,2024-09-23,$0.21,0.42%,23.44,1.23,36,37.16%,40%,20%,1099,$175.50,$196.81,$195.02,$196.74,59.77,B-,A,A,B,B+,N/A,7.33,77.88%,82.45%,32.13,5.90%,7.87%
PNQI,Invesco NASDAQ Internet ETF,Equity,"$801,323,000",19.63%,"59,452",$43.15,-0.39%,No,False,4.10%,4.10%,43.08%,-4.81%,10.55%,"-$30,001,600.00","-$1,278,120.00","-$9,678,500.00","$11,994,550.00","-$116,174,590.00","-$37,553,980.00",Large Cap Growth Equities,2008-06-12,0.60%,N/A,$0.00,2017-12-18,$0.03,0.00%,47.55,1.15,79,59.76%,40%,20%,1099,$39.14,$43.35,$43.06,$43.30,64.80,B-,C+,B+,C,C,C+,5.81,28.11%,32.90%,13.84,8.94%,0.07%
BUG,Global X Cybersecurity ETF,Equity,"$756,923,000",3.86%,"174,951",$30.44,-1.04%,No,False,1.94%,-2.06%,28.13%,-1.08%,N/A,"$12,263,551.33","-$18,679,692.36","-$32,262,236.62","-$1,911,965.07","$86,088,160.07","$901,020,169.48",Technology Equities,2019-10-25,0.50%,N/A,$0.03,2023-12-28,$0.03,0.10%,41.30,0.86,24,57.92%,40%,20%,1099,$28.79,$31.34,$30.29,$30.66,54.82,A-,B,N/A,B+,B-,N/A,6.37,40.74%,44.31%,5.93,0.00%,0.28%
PSI,Invesco Semiconductors ETF,Equity,"$746,975,000",13.45%,"126,025",$56.11,0.65%,No,False,5.32%,-3.90%,35.73%,7.70%,24.15%,"-$9,664,110.00","-$55,800,200.00","-$51,830,040.00","-$38,312,840.00","-$42,880,726.43","$194,031,213.57",Technology Equities,2005-06-23,0.56%,N/A,$0.11,2024-09-23,$0.01,0.19%,13.39,1.39,31,47.38%,40%,20%,1099,$50.69,$57.82,$55.65,$56.54,51.73,B,B,A,C+,B,C+,6.63,46.73%,52.64%,36.05,0.00%,7.30%
ROM,ProShares Ultra Technology,Equity,"$707,479,000",25.08%,"60,965",$66.35,0.59%,No,2x,6.90%,-0.72%,73.12%,6.24%,34.32%,"-$67,838,081.00","-$621,654.00","-$1,135,008.00","-$114,954,803.00","-$333,032,093.25","$1,226,298,997.37",Leveraged Equities,2007-01-30,0.95%,N/A,$0.05,2024-06-26,$0.04,0.08%,0.00,2.37,75,67.11%,40%,20%,1099,$55.78,$68.67,$65.69,$66.96,55.10,B+,B,B,B,B+,A,7.92,97.04%,95.71%,21.78,1.90%,13.63%
BLOK,Amplify Transformational Data Sharing ETF,Equity,"$702,185,000",24.56%,"190,817",$37.18,-0.88%,No,False,4.15%,0.16%,93.07%,-2.88%,19.82%,"-$572,041,500.00",$0.00,$0.00,"-$159,227,000.00","-$95,187,500.00","$856,311,000.00",Technology Equities,2018-01-16,0.76%,N/A,$0.34,2023-12-27,$0.34,0.92%,0.00,1.50,55,38.55%,40%,20%,1099,$32.55,$37.79,$36.98,$37.57,57.78,A-,C+,C,C,A,N/A,5.39,24.24%,27.18%,169.36,2.72%,2.11%
CQQQ,Invesco China Technology ETF,Equity,"$612,950,000",-3.12%,"208,588",$34.83,-2.55%,No,False,11.35%,7.27%,-1.47%,-18.96%,-5.65%,"-$10,203,550.00","-$9,781,200.00","-$37,506,700.00","-$92,287,550.00","-$97,418,750.00","$771,753,500.00",China Equities,2009-12-08,0.65%,Charles Schwab,$0.20,2023-12-18,$0.20,0.58%,49.82,0.64,149,56.73%,40%,20%,1099,$29.50,$34.21,N/A,N/A,61.12,A,B-,C+,C,B+,B-,3.97,15.48%,4.54%,66.09,0.00%,2.86%
NVDU,Direxion Daily NVDA Bull 2X Shares,Equity,"$585,144,000",253.08%,"919,685",$96.99,4.49%,No,2x,18.46%,-12.27%,341.14%,N/A,N/A,"$441,748,875.00","$12,927,600.00","$70,284,275.00","$456,893,325.00","$457,462,725.00","$457,462,725.00",Leveraged Equities,2023-09-13,1.04%,N/A,$1.42,2024-09-24,$0.50,1.46%,N/A,N/A,2,100.00%,40%,20%,1099,$67.72,$102.87,$94.43,$99.32,53.55,A,C,N/A,A,B-,N/A,6.77,68.64%,59.36%,5.5,0.00%,12.50%
QQH,HCM Defender 100 Index ETF,Equity,"$503,930,000",24.67%,"24,945",$62.67,0.21%,No,False,4.19%,3.82%,42.02%,6.82%,N/A,"$44,461,500.00",$0.00,$0.00,"$40,431,000.00","$142,016,000.00","$340,863,474.79",Technology Equities,2019-10-10,0.96%,N/A,$0.14,2023-12-15,$0.14,0.22%,0.03,0.99,98,68.16%,40%,20%,1099,$57.06,$63.15,$62.48,$62.89,61.58,B,C,N/A,A,C,N/A,6.62,31.61%,52.32%,49.58,6.36%,6.63%
SOXQ,Invesco PHLX Semiconductor ETF,Equity,"$495,574,000",23.61%,"488,775",$40.42,0.70%,No,False,5.63%,-1.78%,55.21%,15.33%,N/A,"$266,980,980.00","$2,398,020.00","-$5,314,940.00","$274,100,980.00","$338,002,400.00","$353,319,780.00",Technology Equities,2021-06-11,0.19%,N/A,$0.27,2024-09-23,$0.07,0.68%,15.08,1.56,32,60.33%,40%,20%,1099,$36.00,$41.27,$40.05,$40.75,53.67,A-,A,C+,C,A-,N/A,8.1,95.76%,97.81%,45.6,0.00%,15.11%
PTF,Invesco Dorsey Wright Technology Momentum ETF,Equity,"$449,115,000",24.11%,"23,312",$62.69,-0.71%,No,False,3.64%,-2.81%,46.75%,5.37%,21.80%,"-$106,920,770.00","-$2,488,490.00","$1,100,050.00","$12,421,910.00","$85,931,080.26","-$62,774,529.74",Technology Equities,2006-10-12,0.60%,N/A,$0.02,2023-09-18,$0.02,0.03%,25.87,1.23,35,44.83%,40%,20%,1099,$56.54,$64.53,$62.43,$63.16,54.75,B-,B-,A-,B-,C,B,6.68,48.02%,55.08%,9.58,0.00%,5.55%
CONL,GraniteShares 2x Long COIN Daily ETF,Equity,"$440,015,000",-34.49%,"3,208,705",$22.18,-5.29%,No,1.5x,5.12%,-39.92%,138.51%,N/A,N/A,"$742,942,600.00","$38,541,800.00","$95,824,600.00","$756,800,800.00","$765,522,823.32","$765,522,823.32",Leveraged Equities,2022-08-09,1.15%,N/A,$0.11,2024-02-27,$0.11,0.49%,0.00,9.98,2,100.00%,40%,20%,1099,$16.26,$29.08,$21.53,$23.42,40.17,N/A,C,N/A,N/A,N/A,N/A,0.0,N/A,N/A,N/A,N/A,N/A
WCLD,WisdomTree Cloud Computing Fund,Equity,"$407,471,000",-9.50%,"189,568",$31.63,-0.88%,No,False,1.54%,-0.47%,10.31%,-19.84%,5.86%,"-$212,377,620.00","-$5,524,487.50","-$10,129,107.50","-$274,591,130.00","-$322,915,517.50","$569,868,119.45",Technology Equities,2019-09-06,0.45%,N/A,$0.00,N/A,N/A,0.00%,-24.83,1.09,66,17.38%,40%,20%,1099,$29.99,$32.34,$31.54,$31.80,53.97,A-,A-,N/A,C,C+,N/A,6.73,50.23%,57.78%,20.93,0.00%,1.30%
IGPT,Invesco AI and Next Gen Software ETF,Equity,"$390,912,000",16.52%,"59,485",$44.99,0.31%,No,False,4.26%,-0.46%,42.09%,-1.11%,9.43%,"$176,857,240.00",$0.00,$0.00,"$165,641,200.00","-$6,368,010.45","-$249,844,550.45",Technology Equities,2005-06-23,0.58%,N/A,$0.00,2022-12-19,$0.50,0.00%,N/A,N/A,101,58.89%,40%,20%,1099,$41.28,$45.51,$44.78,$45.27,55.36,A-,B,C+,A,A,N/A,6.99,60.74%,69.20%,53.24,0.00%,13.48%
EMQQ,EMQQ The Emerging Markets Internet ETF,Equity,"$388,007,000",21.54%,"42,085",$37.44,-0.90%,No,False,8.16%,7.88%,29.94%,-9.09%,3.88%,"-$79,477,409.42","-$5,403,353.81","-$5,405,311.90","-$156,799,711.82","-$485,920,130.47","$301,051,249.27",Emerging Markets Equities,2014-11-13,0.86%,N/A,$0.25,2023-12-26,$0.24,0.66%,19.82,0.75,68,59.20%,40%,20%,1099,$32.10,$37.04,N/A,N/A,69.99,A-,C,A+,C,C,C+,5.4,24.33%,27.32%,54.67,0.00%,0.68%
XSW,SPDR S&P Software & Services ETF,Equity,"$367,386,000",5.77%,"10,343",$158.86,-0.58%,No,False,1.90%,1.38%,28.46%,-3.78%,11.32%,"-$18,837,379.86",$0.00,"-$4,445,018.32","-$6,391,855.68","-$135,657,014.48","$12,436,809.89",Technology Equities,2011-09-28,0.35%,N/A,$0.17,2024-06-24,$0.14,0.11%,25.97,1.13,145,7.97%,40%,20%,1099,$148.70,$161.41,$158.43,$159.73,58.79,B,A,B-,B,B-,A,6.58,45.53%,50.78%,7.44,0.71%,1.91%
FNGO,MicroSectors FANG+ Index 2X Leveraged ETNs,Equity,"$361,447,000",56.35%,"25,608",$72.00,-0.22%,No,2x,5.90%,2.80%,119.31%,16.06%,58.41%,$0.00,$0.00,$0.00,$0.00,$0.00,$0.00,Leveraged Equities,2018-08-01,0.95%,N/A,$0.00,N/A,N/A,0.00%,0.03,2.54,10,100.00%,40%,20%,1099,$60.43,$74.25,$71.61,$72.61,55.52,B,A-,N/A,C+,C,N/A,0.0,N/A,N/A,N/A,N/A,N/A
METV,Roundhill Ball Metaverse ETF,Equity,"$357,888,000",16.25%,"186,631",$13.38,-0.45%,No,False,4.86%,1.98%,45.16%,-3.47%,N/A,"-$166,330,312.50","-$3,696,495.00","-$8,524,770.00","-$203,711,440.00","$535,011,875.00","$644,506,379.93",Technology Equities,2021-06-30,0.59%,N/A,$0.02,2023-12-27,$0.02,0.14%,0.00,1.38,40,49.71%,40%,20%,1099,$12.13,$13.43,$13.32,$13.48,60.19,A,B,N/A,C+,N/A,N/A,6.39,41.38%,44.99%,17.92,2.77%,4.81%
GINN,Innovate Equity ETF,Equity,"$353,808,000",14.21%,"9,578",$59.95,-0.81%,No,False,1.91%,1.54%,30.97%,-0.45%,N/A,"-$52,585,500.00",$0.00,"-$8,684,500.00","-$52,585,500.00","-$95,405,000.00","$601,500.00",Technology Equities,2020-11-06,0.52%,N/A,$0.53,2023-12-26,$0.53,0.88%,20.53,1.07,475,15.27%,40%,20%,1099,$56.07,$60.76,$59.80,$60.24,59.53,B,B+,N/A,A-,A-,N/A,6.3,10.22%,42.85%,37.87,7.16%,9.56%
CLOU,Global X Cloud Computing ETF,Equity,"$350,108,000",-10.33%,"211,158",$20.32,-0.49%,No,False,2.06%,0.79%,10.31%,-12.55%,7.01%,"-$201,111,819.52","-$84,139.08","-$33,670,030.18","-$215,938,171.73","-$549,862,924.52","-$279,322,904.84",Technology Equities,2019-04-12,0.68%,N/A,$0.00,2021-12-30,$0.47,0.00%,35.33,0.98,36,45.65%,40%,20%,1099,$19.00,$20.67,N/A,N/A,57.86,A,B-,A,B-,C,N/A,7.03,63.50%,70.87%,71.41,2.08%,7.17%
CWEB,Direxion Daily CSI China Internet Index Bull 2x Shares,Equity,"$349,248,000",2.84%,"436,189",$33.86,-5.13%,No,2x,27.65%,20.37%,2.67%,-43.16%,-30.33%,"-$56,580,450.00","-$1,448,350.00","-$9,293,650.00","-$39,194,400.00","$535,762,068.67","$847,271,418.67",Leveraged Equities,2016-11-02,1.28%,N/A,$0.85,2024-09-24,$0.09,2.38%,0.03,1.09,2,100.00%,40%,20%,1099,$22.11,$32.53,$33.21,$34.40,63.77,A-,C,N/A,C,C,N/A,5.08,5.92%,23.59%,18.94,0.00%,0.26%
PSCT,Invesco S&P SmallCap Information Technology ETF,Equity,"$314,840,000",-3.64%,"25,331",$46.49,-1.17%,No,False,1.13%,-3.35%,8.93%,-1.32%,10.01%,"-$8,427,210.00","-$1,289,660.00","-$759,290.00","-$15,390,620.00","-$114,064,624.59","-$118,948,604.59",Technology Equities,2010-04-07,0.29%,N/A,$0.02,2024-06-24,$0.00,0.04%,16.41,1.22,67,32.75%,40%,20%,1099,$43.59,$48.34,$46.30,$46.87,51.08,B-,A,C,A,B-,A-,6.23,38.25%,41.49%,28.16,1.29%,7.36%
IETC, iShares U.S. Tech Independence Focused ETF,Equity,"$305,699,000",25.65%,"17,817",$78.19,-0.22%,No,False,2.83%,2.80%,49.14%,11.01%,22.73%,"$74,778,714.80",$0.00,"$3,834,488.10","$80,572,273.65","$94,793,777.05","$169,292,172.05",Technology Equities,2018-03-21,0.18%,N/A,$0.46,2024-06-11,$0.09,0.59%,29.18,1.12,125,55.75%,40%,20%,1099,$71.61,$79.37,N/A,N/A,60.81,B-,A,A-,B+,B+,N/A,7.07,65.53%,72.96%,19.31,14.66%,6.20%
IPAY,Amplify Mobile Payments ETF,Equity,"$297,369,000",10.16%,"23,638",$51.12,-2.05%,No,False,-0.91%,1.39%,31.76%,-10.48%,1.86%,"-$109,855,000.00",$0.00,"-$16,000.00","-$153,373,000.00","-$524,546,000.00","-$368,648,000.00",Technology Equities,2015-07-15,0.75%,N/A,$0.05,2024-03-26,$0.01,0.10%,0.02,1.25,37,53.44%,40%,20%,1099,$48.94,$53.14,$50.81,$51.71,54.38,B+,C+,C,B,C,B-,6.08,34.10%,38.12%,4.45,1.08%,0.64%
QTUM,Defiance Quantum ETF,Equity,"$284,602,000",14.17%,"44,028",$61.72,-0.48%,No,False,3.14%,-0.93%,32.08%,6.49%,20.02%,"$51,187,000.00",$0.00,"$3,085,000.00","$61,415,000.00","$115,034,500.00","$208,184,000.00",Technology Equities,2018-09-04,0.40%,N/A,$0.54,2024-06-26,$0.20,0.87%,0.04,1.15,72,18.42%,40%,20%,1099,$57.60,$63.00,$61.48,$62.06,53.76,B-,A-,B,A,A-,N/A,7.26,75.02%,80.24%,33.97,12.18%,3.72%
TDV,ProShares S&P Technology Dividend Aristocrats ETF,Equity,"$267,195,000",9.65%,"11,842",$75.85,-0.84%,No,False,0.82%,0.06%,24.31%,8.44%,N/A,"-$30,772,606.46","-$6,017,088.00","-$6,017,088.00","$7,968,370.63","$102,375,082.40","$173,620,013.40",Technology Equities,2019-11-05,0.45%,E*TRADE,$0.88,2024-06-26,$0.24,1.15%,0.03,1.05,36,32.02%,40%,20%,1099,$72.48,$77.55,$75.59,$76.21,53.83,B-,A-,B,A,A,A+,7.15,70.88%,76.03%,25.94,3.05%,4.42%
SNSR,Global X Internet of Things ETF,Equity,"$244,870,000",-2.78%,"22,115",$34.26,-0.84%,No,False,1.75%,-1.89%,14.67%,-2.74%,11.74%,"-$53,192,812.73","-$31,660.01","-$2,409,151.18","-$70,429,417.69","-$181,313,097.67","$53,217,140.24",Technology Equities,2016-09-12,0.68%,N/A,$0.22,2024-06-27,$0.07,0.64%,20.66,1.24,55,42.52%,40%,20%,1099,$32.47,$35.21,$34.13,$34.48,50.57,B+,C+,A-,A,B+,B,7.35,78.62%,82.93%,27.29,2.06%,8.82%
WTAI,WisdomTree Artificial Intelligence and Innovation Fund,Equity,"$195,283,000",-4.20%,"138,257",$19.82,0.05%,No,False,3.39%,-0.60%,17.83%,N/A,N/A,"$9,603,790.00","-$7,855,640.00","-$24,937,975.00","$33,322,730.00","$188,626,314.12","$188,626,314.12",Technology Equities,2021-12-07,0.45%,N/A,$0.05,2023-12-28,$0.00,0.25%,N/A,N/A,77,24.63%,40%,20%,1099,$18.20,$20.18,$19.74,$19.94,54.32,N/A,A-,N/A,N/A,N/A,N/A,6.86,53.64%,63.47%,34.17,4.14%,5.15%
BKCH,Global X Blockchain ETF,Equity,"$150,598,000",1.17%,"50,932",$46.78,-0.47%,No,False,9.56%,-4.43%,113.85%,-20.90%,N/A,"$4,989,442.54","$8,758.60","$1,729,614.66","$23,961,506.15","$178,274,061.88","$230,396,258.43",Technology Equities,2021-07-12,0.50%,N/A,$0.89,2023-12-28,$0.89,1.90%,-13.22,2.85,26,67.71%,40%,20%,1099,$38.30,$47.22,$46.06,$48.00,53.76,A-,B+,N/A,C,C+,N/A,2.55,5.53%,0.74%,363.77,0.00%,1.80%
WEBL,Direxion Daily Dow Jones Internet Bull 3X Shares,Equity,"$145,661,000",23.55%,"470,792",$18.73,-0.27%,No,3x,12.22%,12.09%,95.31%,-40.42%,N/A,"-$80,933,850.00","-$3,676,500.00","-$5,986,650.00","-$97,249,400.00","$202,450,100.00","$231,310,950.00",Leveraged Equities,2019-11-07,1.00%,N/A,$0.00,2021-12-09,$3.05,0.00%,0.04,3.41,42,66.01%,40%,20%,1099,$13.81,$18.99,$18.60,$18.96,64.32,B+,C+,N/A,C,C+,N/A,5.77,25.44%,32.32%,14.52,7.49%,0.39%
KLIP,KraneShares China Internet and Covered Call Strategy ETF,Equity,"$141,089,000",4.24%,"201,271",$12.71,-0.08%,No,False,2.67%,3.22%,12.26%,N/A,N/A,"$57,070,375.06","-$889,237.47","-$6,399,033.89","$93,630,099.50","$200,951,898.14","$200,951,898.14",China Equities,2023-01-12,0.93%,N/A,$6.82,2024-08-29,$0.38,53.82%,0.05,2.10,4,100.00%,40%,20%,1099,$11.84,$12.73,$12.65,$12.75,62.63,B+,C,N/A,N/A,A,N/A,4.89,21.66%,21.44%,20.2,0.00%,0.51%
DAPP,VanEck Digital Transformation ETF,Equity,"$135,559,000",12.26%,"199,600",$11.54,-2.04%,No,False,7.85%,-2.94%,119.81%,-19.62%,N/A,"$20,977,717.50","$9,617,102.50","$12,561,997.50","$35,271,885.00","$100,567,112.50","$128,266,355.00",Technology Equities,2021-04-12,0.51%,N/A,$0.00,2021-12-20,$1.88,0.00%,1.15,2.90,21,60.35%,40%,20%,1099,$9.59,$11.74,$11.39,$11.83,54.10,B+,B+,N/A,C,C+,N/A,2.5,5.44%,0.71%,324.41,0.00%,0.00%
THNQ,ROBO Global Artificial Intelligence ETF,Equity,"$134,900,000",10.74%,"13,042",$45.67,-0.20%,No,False,3.77%,2.43%,37.06%,0.67%,N/A,"-$5,856,274.73","$27,973.85","-$2,094,347.37","$24,119,103.06","$72,509,761.77","$107,898,348.58",Technology Equities,2020-05-11,0.68%,N/A,$0.00,N/A,N/A,0.00%,33.92,1.21,57,23.09%,40%,20%,1099,$41.76,$46.09,$45.56,$45.83,60.16,C+,B-,N/A,B-,C,N/A,6.92,56.87%,65.94%,20.26,1.85%,4.77%
WGMI,Valkyrie Bitcoin Miners ETF,Equity,"$126,100,000",6.83%,"346,215",$19.23,-1.03%,No,False,10.71%,-4.09%,115.06%,N/A,N/A,"$47,308,500.00","-$4,933,000.00","-$1,325,000.00","$82,926,250.00","$105,446,973.82","$105,446,973.82",Technology Equities,2022-02-07,0.75%,N/A,$0.05,2023-12-20,$0.06,0.29%,0.00,3.08,20,77.53%,40%,20%,1099,$15.15,$19.36,$18.96,$19.72,54.17,A-,C,C,C,C,N/A,0.0,N/A,N/A,N/A,N/A,N/A
BITQ,Bitwise Crypto Industry Innovators ETF,Equity,"$126,007,000",13.37%,"84,108",$13.14,-0.90%,No,False,7.70%,-2.01%,107.22%,-15.48%,N/A,"-$36,333,075.83","-$2,260,621.67","-$2,240,495.59","-$26,037,456.61","$100,895,860.10","$173,229,425.01",Technology Equities,2021-05-11,0.85%,N/A,$0.17,2023-12-26,$0.18,1.32%,0.00,2.72,31,62.68%,40%,20%,1099,$11.05,$13.23,$13.03,$13.34,55.21,N/A,C,N/A,N/A,C+,N/A,3.22,0.00%,1.88%,153.83,0.00%,0.00%
OGIG,ALPS O'Shares Global Internet Giants ETF,Equity,"$123,820,000",13.62%,"9,411",$41.48,-0.24%,No,False,3.80%,4.86%,38.01%,-9.46%,11.81%,"-$29,702,000.00","-$2,081,000.00","-$5,006,750.00","-$50,431,750.00","-$306,222,310.00","$77,446,640.00",Large Cap Growth Equities,2018-06-05,0.48%,N/A,$0.00,N/A,N/A,0.00%,0.03,-1.82,70,35.74%,40%,20%,1099,$37.25,$41.74,$41.37,$41.61,66.04,B+,B-,A,C,C,N/A,6.25,38.71%,41.97%,14.92,7.07%,1.44%
SOCL,Global X Social Media ETF,Equity,"$122,797,000",2.65%,"9,928",$41.34,-1.03%,No,False,7.63%,4.42%,17.25%,-13.02%,5.20%,"-$43,054,429.71","-$8,332,882.54","-$8,332,400.30","-$19,789,212.06","-$150,922,197.92","$32,996,346.52",Large Cap Growth Equities,2011-11-14,0.65%,2 Platforms,$0.16,2024-06-27,$0.10,0.38%,26.53,0.94,48,67.65%,40%,20%,1099,$36.56,$41.09,N/A,N/A,59.32,B,C+,B,C,C,C,4.55,18.53%,16.21%,14.02,0.00%,0.02%
AAPU,Direxion Daily AAPL Bull 2X Shares,Equity,"$116,182,000",33.40%,"868,683",$35.93,-0.96%,No,2x,4.83%,-1.74%,55.59%,N/A,N/A,"$45,537,875.00","$4,579,425.00","$1,819,775.00","$35,565,675.00","$74,610,650.00","$74,610,650.00",Leveraged Equities,2022-08-09,1.04%,N/A,$0.84,2024-09-24,$0.28,2.33%,0.04,-1.95,2,100.00%,40%,20%,1099,$32.59,$38.00,$35.36,$36.37,53.25,N/A,C,N/A,N/A,N/A,N/A,5.62,20.71%,30.25%,0.6,0.00%,0.00%
MSFU,Direxion Daily MSFT Bull 2X Shares,Equity,"$113,419,000",15.02%,"322,918",$44.62,1.20%,No,2x,0.23%,6.35%,49.57%,N/A,N/A,"$49,147,600.00",$0.00,"$218,250.00","$61,094,375.00","$96,051,600.00","$96,051,600.00",Leveraged Equities,2022-09-07,1.04%,N/A,$1.31,2024-09-24,$0.33,2.92%,0.00,-2.33,2,100.00%,40%,20%,1099,$38.42,$47.12,N/A,N/A,53.84,N/A,C,N/A,N/A,N/A,N/A,6.12,39.05%,38.93%,26.22,0.00%,0.00%
DTCR,Global X Data Center And Digital Infrastructure ETF,Equity,"$109,898,000",19.94%,"52,245",$17.46,-0.91%,No,False,4.43%,7.45%,42.27%,1.73%,N/A,"$43,714,177.42","$6,023,383.27","$8,171,811.98","$59,884,047.88","$44,886,051.87","$105,071,507.47",Technology Equities,2020-10-27,0.50%,N/A,$0.20,2024-06-27,$0.11,1.17%,N/A,N/A,26,74.26%,40%,20%,1099,$15.61,$17.62,N/A,N/A,69.14,B+,B+,B,A-,N/A,N/A,7.41,81.84%,84.79%,334.83,0.00%,23.18%
WCBR,WisdomTree Cybersecurity Fund,Equity,"$108,447,000",-0.63%,"39,214",$25.21,-1.18%,No,False,2.35%,-3.00%,26.68%,-2.77%,N/A,"$61,991,705.00",$0.00,$0.00,"$69,564,286.00","$79,873,481.00","$112,251,642.81",Technology Equities,2021-01-28,0.45%,N/A,$0.00,2022-12-23,$0.00,0.00%,-42.73,0.85,26,48.94%,40%,20%,1099,$23.68,$25.98,$25.12,$25.37,53.21,B,A-,N/A,C+,B-,N/A,6.62,46.64%,52.57%,13.14,0.00%,0.84%
FBL,GraniteShares 2x Long META Daily ETF,Equity,"$107,780,000",107.89%,"910,798",$32.26,1.70%,No,1.5x,11.43%,14.85%,84.33%,N/A,N/A,"$68,406,780.00","$1,757,800.00","-$6,753,700.00","$67,152,380.00","$75,631,980.00","$75,631,980.00",Leveraged Equities,2022-12-13,1.15%,N/A,$8.00,2023-12-27,$8.00,24.81%,0.00,-3.34,3,100.00%,40%,20%,1099,$23.71,$32.61,$31.59,$33.06,67.13,N/A,C,N/A,N/A,N/A,N/A,0.0,N/A,N/A,N/A,N/A,N/A
FNGD,MicroSectors FANG+™ Index -3X Inverse Leveraged ETN,Equity,"$106,576,000",-63.17%,"2,314,609",$21.47,0.56%,Yes,-3x,-8.72%,-7.81%,-79.24%,-64.25%,-78.13%,"$79,144,871.44",$0.00,$0.00,"$87,828,032.19","$479,644,045.55","$644,060,454.26",Inverse Equities,2018-01-22,0.95%,N/A,$0.00,N/A,N/A,0.00%,0.03,-3.03,11,112.89%,40%,20%,1099,$20.03,$28.48,$21.13,$21.70,42.02,B+,A-,N/A,C,C,N/A,0.0,N/A,N/A,N/A,N/A,N/A
LEGR,First Trust Indxx Innovative Transaction & Process ETF,Equity,"$105,523,000",16.06%,"4,657",$46.80,-0.19%,No,False,3.70%,3.27%,29.89%,5.64%,12.04%,"-$13,028,550.00","-$102,300.00","-$2,333,700.00","-$13,028,550.00","-$25,534,824.50","$40,579,490.50",Large Cap Blend Equities,2018-01-24,0.65%,N/A,$1.08,2024-06-27,$0.54,2.32%,10.93,0.97,102,15.07%,40%,20%,1099,$43.45,$46.77,$46.69,$46.85,65.03,B,B-,A,C+,C+,N/A,7.25,74.29%,79.85%,40.51,9.46%,3.85%
TECS,Direxion Daily Technology Bear 3X Shares,Equity,"$102,864,000",-43.25%,"16,235,382",$5.44,-0.91%,Yes,-3x,-9.81%,-2.97%,-65.96%,-47.85%,-64.94%,"-$8,806,500.00","$2,107,250.00","$33,280,500.00","$5,749,800.00","$229,422,931.10","$414,304,635.32",Leveraged Equities,2008-12-17,1.10%,N/A,$0.33,2024-09-24,$0.06,5.94%,0.00,-2.89,1,100.00%,40%,20%,1099,$5.06,$7.16,$5.36,$5.53,42.67,A-,C+,B,C+,A,B,5.41,22.58%,27.47%,1.82,0.00%,0.00%
FBY,YieldMax META Option Income Strategy ETF,Equity,"$101,321,000",34.09%,"99,917",$19.72,0.87%,No,False,3.08%,6.64%,62.86%,N/A,N/A,"$93,715,155.00","-$4,660.00","$1,406,555.00","$95,715,667.50","$107,095,680.00","$107,095,680.00",Technology Equities,2023-07-27,0.99%,N/A,$9.66,2024-09-06,$0.53,49.35%,N/A,N/A,8,100.00%,40%,20%,1099,$17.53,$19.86,$19.57,$19.88,69.90,A-,C,N/A,C,A,N/A,5.85,49.62%,33.69%,1.82,0.00%,0.00%
FDIG,Fidelity Crypto Industry and Digital Payments ETF,Equity,"$100,020,000",-2.67%,"44,435",$27.00,-1.82%,No,False,4.41%,-6.51%,74.19%,N/A,N/A,"$20,252,155.50","$1,379,045.15","$1,379,045.15","$32,815,808.05","$70,798,582.50","$70,798,582.50",Technology Equities,2022-04-19,0.39%,N/A,$0.05,2023-12-15,$0.05,0.19%,7.27,3.84,41,55.64%,40%,20%,1099,$23.94,$27.77,$26.73,$27.54,50.92,A-,A-,N/A,C,N/A,N/A,3.5,13.46%,2.54%,224.06,1.66%,0.03%
IEUS,iShares MSCI Europe Small-Cap ETF,Equity,"$99,406,700",8.74%,"4,571",$59.88,-0.23%,No,False,0.50%,-0.53%,26.82%,-3.09%,6.82%,"-$31,557,320.00","-$3,000,085.00","-$3,000,085.00","-$31,557,320.00","-$317,040,565.00","-$39,821,585.00",Europe Equities,2007-11-12,0.42%,N/A,$1.80,2024-06-11,$1.19,3.01%,10.96,1.15,877,5.75%,40%,20%,1099,$57.70,$60.66,$59.77,$60.09,55.37,B,A-,C+,B+,A,A,7.26,8.52%,80.02%,99.16,2.51%,9.80%
IZRL,ARK Israel Innovative Technology ETF,Equity,"$96,703,200",0.03%,"10,108",$19.51,0.67%,No,False,1.48%,-2.06%,8.36%,-13.72%,-0.84%,"$2,158,900.00",$0.00,$0.00,"-$2,737,000.00","-$97,185,468.84","$182,615,656.16",Small Cap Blend Equities,2017-12-05,0.49%,N/A,$0.00,2021-12-29,$0.10,0.00%,0.03,1.09,50,24.62%,40%,20%,1099,$18.79,$19.93,$19.42,$19.59,50.72,C+,B,B-,A,A-,N/A,0.0,N/A,N/A,N/A,N/A,N/A
PRNT,3D Printing ETF,Equity,"$95,817,000",-13.22%,"16,635",$20.16,0.35%,No,False,0.95%,-0.79%,2.75%,-18.70%,-0.34%,"-$39,908,450.00","-$2,997,750.00","-$3,952,950.00","-$54,859,750.00","-$222,668,421.95","$270,201,228.05",Technology Equities,2016-07-19,0.66%,N/A,$0.00,2021-12-29,$0.00,0.00%,0.13,1.25,53,43.61%,40%,20%,1099,$18.84,$20.59,$20.07,$20.23,54.34,B+,B-,C,A-,C,B,7.29,75.94%,81.14%,30.53,5.53%,2.36%
DTEC,ALPS Disruptive Technologies ETF,Equity,"$92,926,300",4.47%,"5,728",$43.29,-1.14%,No,False,1.39%,0.90%,24.24%,-4.96%,8.50%,"-$19,825,500.00",$0.00,"-$3,124,500.00","-$23,823,000.00","-$100,158,250.00","$4,918,250.00",Technology Equities,2017-12-29,0.50%,N/A,$0.11,2023-12-21,$0.11,0.26%,0.02,1.15,102,10.91%,40%,20%,1099,$41.11,$44.06,$43.19,$43.48,56.37,B,B+,A,A-,B+,N/A,7.07,65.35%,72.80%,47.88,0.81%,9.27%
XITK,SPDR FactSet Innovative Technology ETF,Equity,"$89,363,000",5.20%,"1,860",$153.68,-0.28%,No,False,3.04%,0.97%,28.71%,-12.21%,8.82%,"-$12,296,431.02",$0.00,$0.00,"-$23,913,341.30","-$136,750,426.84","-$968,072.53",All Cap Equities,2016-01-13,0.45%,N/A,$0.10,2023-12-18,$0.10,0.07%,26.37,1.14,101,18.53%,40%,20%,1099,$140.14,$156.00,N/A,N/A,60.13,B-,B,A,C,C,B,5.79,27.74%,32.68%,14.45,0.00%,2.87%
ITEQ,Amplify BlueStar Israel Technology ETF,Equity,"$87,616,000",2.42%,"6,818",$47.20,-0.19%,No,False,2.72%,-1.05%,16.52%,-12.10%,3.35%,"-$45,000.00",$0.00,"$2,244,500.00","-$12,458,500.00","-$49,808,000.00","$15,204,000.00",Technology Equities,2015-11-02,0.75%,N/A,$0.00,2021-03-23,$0.05,0.00%,0.04,0.97,54,62.84%,40%,20%,1099,$44.56,$48.07,$47.10,$47.34,56.00,B+,C,B,B+,A-,B+,6.62,46.36%,52.35%,37.24,4.23%,6.99%
APLY,YieldMax AAPL Option Income Strategy ETF,Equity,"$86,335,300",9.87%,"59,955",$17.77,-0.06%,No,False,2.24%,1.27%,21.91%,N/A,N/A,"$38,954,772.50","$2,684,965.00","$3,537,030.00","$29,222,717.50","$95,865,487.50","$95,865,487.50",Technology Equities,2023-04-17,1.06%,N/A,$4.52,2024-09-06,$0.45,25.38%,N/A,N/A,8,100.00%,40%,20%,1099,$16.94,$18.03,$17.62,$17.86,56.78,A,C,N/A,C+,A,N/A,5.86,54.16%,33.82%,1.82,0.00%,0.00%
SHOC,Strive U.S. Semiconductor ETF,Equity,"$80,175,200",17.91%,"45,589",$46.45,0.61%,No,False,5.62%,-3.23%,47.66%,N/A,N/A,"$29,307,977.00",$0.00,"$888,906.00","$30,656,293.00","$60,696,511.93","$60,696,511.93",Technology Equities,2022-10-06,0.40%,N/A,$0.21,2024-06-27,$0.02,0.45%,0.00,-1.71,32,73.00%,40%,20%,1099,$41.26,$47.65,$46.08,$46.81,52.90,B,A-,A,A,B-,N/A,8.68,98.89%,99.83%,29.11,0.00%,24.15%
SARK,Tradr 2X Short Innovation Daily ETF,Equity,"$75,737,300",3.16%,"764,940",$26.78,2.53%,No,1x,-3.08%,-4.36%,-26.20%,N/A,N/A,"-$80,893,210.00","$3,964,700.00","$6,863,602.50","-$93,716,687.50","$38,654,985.00","$38,654,985.00",Inverse Equities,2021-11-05,0.75%,N/A,$3.26,2023-12-26,$3.26,12.19%,0.00,-1.62,2,100.00%,40%,20%,1099,$24.79,$33.87,$26.23,$27.10,42.30,A+,B-,N/A,C,B,N/A,0.0,N/A,N/A,N/A,N/A,N/A
ISRA,VanEck Israel ETF,Equity,"$75,234,700",9.37%,"2,895",$38.25,0.05%,No,False,3.20%,-0.12%,17.97%,-6.46%,4.48%,"$9,839,865.00",$0.00,"$939,842.50","$10,719,390.00","$4,702,350.00","$11,209,922.50",Global Equities,2013-06-25,0.59%,N/A,$0.66,2023-12-18,$0.66,1.74%,7.71,1.00,82,56.24%,40%,20%,1099,$36.48,$39.00,$38.16,$38.45,56.14,C+,B,B-,B-,B,A,6.34,0.00%,43.58%,92.23,2.55%,4.63%
FCLD,Fidelity Cloud Computing ETF,Equity,"$73,815,600",6.86%,"17,000",$24.11,-0.45%,No,False,2.44%,1.92%,29.88%,N/A,N/A,"$15,175,939.80",$0.00,$0.00,"$21,738,636.00","$63,937,499.65","$63,937,499.65",Technology Equities,2021-10-05,0.39%,N/A,$0.04,2024-09-20,$0.01,0.15%,20.92,0.97,52,37.94%,40%,20%,1099,$22.43,$24.44,$24.05,$24.24,57.95,B+,A,C,C,B,N/A,7.68,88.11%,91.52%,49.77,5.15%,8.17%
MINV,Matthews Asia Innovators Active ETF,Equity,"$70,655,400",18.82%,"4,769",$27.82,-1.49%,No,False,4.59%,1.74%,27.41%,N/A,N/A,"-$24,228,000.00",$0.00,$0.00,"-$43,527,250.00","$66,617,000.00","$66,617,000.00",Global Equities,2022-07-13,0.79%,N/A,$0.23,2023-12-14,$0.23,0.84%,23.90,1.63,54,46.85%,40%,20%,1099,$25.27,$27.90,$27.78,$27.83,60.61,A-,C+,N/A,C,B-,N/A,5.98,9.50%,36.36%,83.78,1.05%,2.41%
FNGG,Direxion Daily NYSE FANG+ Bull 2X Shares,Equity,"$68,423,100",55.54%,"20,795",$141.85,-0.40%,No,2x,5.30%,2.52%,117.96%,N/A,N/A,"$16,200,900.00","$7,145,350.00","$7,145,350.00","$23,634,200.00","$48,187,235.94","$48,187,235.94",Leveraged Equities,2021-09-30,0.98%,N/A,$0.96,2024-03-19,$0.39,0.67%,0.00,2.55,12,97.88%,40%,20%,1099,$119.41,$146.92,$141.29,$142.94,55.15,A,C,N/A,C,B,N/A,5.42,12.43%,27.51%,26.84,3.97%,3.10%
BLCN,Siren ETF Trust Siren Nasdaq NexGen Economy ETF,Equity,"$62,640,200",0.13%,"19,035",$24.31,-1.70%,No,False,0.25%,-5.85%,29.04%,-18.71%,1.79%,"-$15,049,620.00",$0.00,$0.00,"-$19,105,080.00","-$96,589,305.00","$39,589,504.76",Large Cap Blend Equities,2018-01-17,0.68%,N/A,$0.19,2024-06-21,$0.13,0.79%,0.05,1.24,53,42.29%,40%,20%,1099,$23.27,$25.75,$24.17,$24.58,46.62,B-,B-,C,C,C,N/A,6.32,39.45%,43.25%,18.78,3.67%,6.57%
LOUP,Innovator Deepwater Frontier Tech ETF,Equity,"$56,664,000",8.46%,"4,835",$47.50,0.87%,No,False,4.91%,2.53%,38.73%,-3.83%,15.66%,"$6,693,000.00",$0.00,$0.00,"$8,880,500.00","-$9,313,500.00","$47,565,500.00",Global Equities,2018-07-25,0.70%,N/A,$0.00,N/A,N/A,0.00%,0.03,1.37,31,41.60%,40%,20%,1099,$42.42,$47.79,$47.22,$47.73,60.35,B-,B-,N/A,C,C,N/A,6.59,45.71%,51.47%,45.15,3.06%,1.65%
DRUP,GraniteShares Nasdaq Select Disruptors ETF,Equity,"$55,870,500",15.51%,"2,789",$53.02,-0.30%,No,False,1.61%,-0.10%,39.11%,7.82%,N/A,"-$5,121,500.00","$6,000.00","-$2,649,500.00","-$11,106,500.00","-$75,111,500.00","$16,624,000.00",Large Cap Blend Equities,2019-10-07,0.60%,N/A,$0.04,2023-12-27,$0.04,0.08%,N/A,N/A,51,43.55%,40%,20%,1099,$50.23,$54.05,$52.96,$53.13,56.01,B,B-,A-,C,N/A,N/A,6.82,69.42%,61.50%,12.34,0.00%,11.25%
IDGT,iShares U.S. Digital Infrastructure and Real Estate ETF,Equity,"$55,574,100",22.82%,"5,572",$78.85,-0.68%,No,False,1.67%,3.85%,31.04%,4.11%,8.89%,"$3,266,654.75",$0.00,$0.00,"-$9,023,626.95","-$54,584,320.75","-$42,884,770.75",Technology Equities,2001-07-10,0.41%,N/A,$0.65,2024-06-11,$0.34,0.82%,N/A,N/A,29,67.36%,40%,20%,1099,$72.76,$80.30,$78.77,$78.93,64.51,B-,A-,C,A,B-,N/A,7.85,95.83%,94.55%,131.96,0.00%,13.95%
BUZZ,VanEck Social Sentiment ETF,Equity,"$55,197,200",13.86%,"9,700",$21.28,-0.70%,No,False,2.50%,0.66%,42.58%,-6.05%,N/A,"-$15,124,200.00","-$10,588,950.00","-$2,155,460.00","-$19,319,295.00","-$102,365,647.50","$86,945,102.46",Large Cap Growth Equities,2021-02-02,0.75%,N/A,$0.10,2023-12-18,$0.10,0.45%,18.41,1.43,76,31.33%,40%,20%,1099,$19.57,$21.66,$21.20,$21.43,55.98,B,C,N/A,C,C,N/A,5.82,3.70%,33.09%,45.67,9.27%,4.97%
TARK,AXS 2X Innovation ETF Fund,Equity,"$54,286,100",-31.11%,"60,938",$63.50,-2.41%,No,2x,3.12%,1.29%,19.95%,N/A,N/A,"$888,244.50","-$4,152,164.00","-$8,636,408.50","-$15,666,021.00","$40,274,984.54","$40,274,984.54",Leveraged Equities,2022-05-02,1.15%,N/A,$0.00,N/A,N/A,0.00%,0.00,5.56,2,100.00%,40%,20%,1099,$50.53,$67.16,$62.73,$64.75,55.55,A,C,N/A,N/A,N/A,N/A,0.0,N/A,N/A,N/A,N/A,N/A
CRPT,First Trust SkyBridge Crypto Industry & Digital Economy ETF,Equity,"$54,169,900",25.34%,"60,274",$12.12,0.41%,No,False,10.58%,-6.41%,156.24%,-14.27%,N/A,"$10,006,550.00",$0.00,$0.00,"$12,475,550.00","$86,786,600.00","$88,786,600.00",Technology Equities,2021-09-20,0.85%,N/A,$0.00,2022-12-23,$0.00,0.00%,23.77,2.45,31,86.29%,40%,20%,1099,$9.93,$12.32,$11.94,$12.38,53.09,A-,C,C,C,B-,N/A,3.23,12.26%,1.90%,75.74,0.00%,0.83%
SPRX,Spear Alpha ETF,Equity,"$52,456,600",1.33%,"41,725",$22.80,0.04%,No,False,5.46%,-0.22%,36.36%,2.63%,N/A,"$34,585,160.00","-$1,125,067.50","-$6,516,095.00","$40,985,722.50","$48,359,465.00","$52,413,677.50",Technology Equities,2021-08-02,0.75%,N/A,$0.00,2021-12-22,$0.05,0.00%,0.00,1.21,26,76.98%,40%,20%,1099,$20.06,$23.28,$22.73,$22.93,57.32,B-,C+,C,C,B-,N/A,6.83,52.63%,62.16%,67.94,6.79%,14.06%
INQQ,The India Internet ETF,Equity,"$49,598,400",21.38%,"19,742",$16.69,-0.95%,No,False,0.60%,4.31%,33.13%,N/A,N/A,"$27,632,006.44","$1,195,339.22","$1,203,979.24","$30,150,271.64","$39,403,916.95","$39,403,916.95",Technology Equities,2022-04-05,0.86%,N/A,$0.01,2023-12-26,$0.01,0.04%,0.00,0.99,26,63.93%,40%,20%,1099,$15.73,$17.13,$16.59,$16.90,61.74,N/A,C,N/A,N/A,N/A,N/A,5.24,22.03%,25.31%,48.03,0.00%,1.40%
NVDS,Tradr 1.5X Short NVDA Daily ETF,Equity,"$48,581,900",-76.44%,"2,063,075",$34.25,-3.33%,Yes,-1.25x,-12.81%,2.09%,-81.09%,N/A,N/A,"$56,608,866.89","-$4,297,318.00","-$7,263,587.00","$43,057,170.39","$219,754,092.98","$219,754,092.98",Inverse Equities,2022-07-14,1.15%,N/A,$4.27,2023-12-26,$4.27,12.47%,0.00,4.19,2,100.00%,40%,20%,1099,$32.59,$45.43,$33.60,$34.99,42.41,N/A,C,N/A,N/A,N/A,N/A,0.0,N/A,N/A,N/A,N/A,N/A
KNCT,Invesco Next Gen Connectivity ETF,Equity,"$42,716,900",14.79%,503,$101.47,-0.39%,No,False,2.96%,1.56%,36.40%,3.53%,13.75%,"-$4,626,920.00",$0.00,$0.00,"-$4,626,920.00","-$1,668,330.00","-$47,470,590.00",Technology Equities,2005-06-23,0.40%,N/A,$1.48,2024-09-23,$0.33,1.45%,N/A,N/A,99,48.29%,40%,20%,1099,$94.57,$102.50,$101.39,$101.61,58.71,C+,B-,C+,C+,B+,N/A,7.21,73.09%,78.54%,58.69,0.51%,3.84%
STCE,Schwab Crypto Thematic ETF,Equity,"$41,796,000",8.88%,"13,372",$34.56,-0.83%,No,False,5.95%,-3.40%,81.84%,N/A,N/A,"$18,241,000.00",$0.00,$0.00,"$20,674,500.00","$33,264,476.14","$33,264,476.14",Technology Equities,2022-08-04,0.30%,N/A,$0.11,2024-06-26,$0.04,0.32%,9.35,2.96,37,55.70%,40%,20%,1099,$30.05,$35.06,$34.26,$35.15,53.14,B,A,C,A,A-,N/A,4.3,0.00%,9.63%,298.92,1.40%,1.54%
TRFK,Pacer Data and Digital Revolution ETF,Equity,"$40,935,700",27.86%,"9,160",$46.73,0.34%,No,False,4.78%,3.22%,56.17%,N/A,N/A,"$28,770,526.00",$0.00,"$2,547,428.00","$29,507,708.00","$34,185,964.69","$34,185,964.69",Technology Equities,2022-06-08,0.60%,N/A,$0.22,2024-06-27,$0.18,0.48%,0.04,-1.34,77,57.90%,40%,20%,1099,$41.16,$47.34,$46.53,$47.04,60.57,B-,B-,N/A,C,B,N/A,7.65,87.56%,90.73%,14.86,11.12%,13.75%
SEMI,Columbia Semiconductor and Technology ETF,Equity,"$39,650,300",14.50%,"5,134",$25.61,0.63%,No,False,4.55%,-2.58%,37.10%,N/A,N/A,"$3,814,150.00",$0.00,"-$579,750.00","$4,785,075.00","$24,627,825.00","$24,627,825.00",Technology Equities,2022-03-29,0.75%,N/A,$0.19,2023-12-18,$0.20,0.76%,19.12,-1.68,29,69.10%,40%,20%,1099,$22.87,$26.40,$25.61,$25.62,52.79,B-,C,A-,C,B,N/A,7.47,83.59%,86.48%,73.56,0.00%,8.01%
LRNZ,"TrueShares Technology, AI & Deep Learning ETF",Equity,"$36,045,800",-0.17%,"8,966",$38.14,-0.50%,No,False,3.51%,-0.48%,32.42%,-8.13%,N/A,"-$720,270.00",$0.00,"-$1,447,902.00","-$1,295,973.00","$15,846,982.50","$38,655,860.00",Large Cap Growth Equities,2020-02-28,0.69%,N/A,$0.00,2021-12-29,$0.06,0.00%,0.00,1.13,23,68.82%,40%,20%,1099,$34.73,$38.88,$38.03,$38.38,56.01,C+,C,N/A,C,C,N/A,7.11,67.74%,74.53%,17.75,3.99%,18.79%
FMET,Fidelity Metaverse ETF,Equity,"$32,763,200",6.37%,"5,232",$29.81,-0.43%,No,False,3.40%,-0.40%,26.94%,N/A,N/A,"$7,194,779.45","$14,656.40","$14,656.40","$11,168,950.65","$23,022,485.10","$23,022,485.10",Technology Equities,2022-04-19,0.39%,N/A,$0.10,2024-09-20,$0.01,0.33%,20.80,-1.32,53,44.11%,40%,20%,1099,$27.85,$30.09,N/A,N/A,55.37,B,A,N/A,C+,N/A,N/A,6.7,48.94%,56.44%,58.4,0.00%,11.37%
WUGI,AXS Esoterica NextG Economy ETF,Equity,"$31,395,200",36.44%,"2,842",$69.95,0.40%,No,False,5.54%,1.20%,62.46%,5.22%,N/A,"$151,717.50",$0.00,$0.00,"-$1,099,162.50","-$11,450,889.33","$19,217,751.88",Large Cap Growth Equities,2020-03-30,0.76%,N/A,$0.00,N/A,N/A,0.00%,0.03,1.22,30,76.00%,40%,20%,1099,$62.04,$70.59,$69.64,$70.33,58.48,C+,C,N/A,C,C,N/A,7.65,87.65%,90.79%,32.45,5.19%,17.86%
FMQQ,FMQQ The Next Frontier Internet ETF,Equity,"$31,346,100",23.09%,"6,214",$13.80,-0.22%,No,False,1.59%,2.79%,34.69%,N/A,N/A,"$6,123,545.84","$1,393.23","$7,528.26","$6,120,600.99","$34,321,190.35","$34,321,190.35",Emerging Markets Equities,2021-09-27,0.86%,N/A,$0.01,2023-12-26,$0.01,0.09%,0.00,1.18,38,57.46%,40%,20%,1099,$12.87,$13.94,$13.76,$13.83,66.96,A-,C+,N/A,C+,B,N/A,6.0,41.12%,36.78%,56.36,0.00%,0.76%
UBOT,"Direxion Daily Robotics, Artificial Intelligence & Automation Index Bull 2X Shares",Equity,"$29,905,100",11.90%,"14,402",$22.91,1.42%,No,2x,7.76%,-3.25%,51.81%,-23.68%,3.66%,"-$5,931,750.28",$0.00,"-$1,074,100.00","-$4,936,300.28","$8,374,549.72","-$12,262,863.77",Leveraged Equities,2018-04-19,1.38%,N/A,$0.25,2024-06-25,$0.08,1.11%,0.03,3.11,2,100.00%,40%,20%,1099,$19.55,$23.73,$22.74,$23.13,56.11,C+,C,N/A,B-,A,N/A,6.61,55.03%,52.10%,12.68,1.05%,5.51%
BABX,GraniteShares 2x Long BABA Daily ETF,Equity,"$29,697,700",37.44%,"171,755",$21.86,-3.57%,No,1.75x,26.50%,21.85%,12.10%,N/A,N/A,"$6,788,100.00",$0.00,"-$873,000.00","$15,438,200.00","$22,342,200.00","$22,342,200.00",Leveraged Equities,2022-12-13,1.15%,N/A,$0.00,N/A,N/A,0.00%,0.00,5.24,3,100.00%,40%,20%,1099,$14.13,$21.15,$21.34,$22.27,68.71,N/A,C,N/A,N/A,N/A,N/A,0.0,N/A,N/A,N/A,N/A,N/A
DGIN,VanEck Digital India ETF,Equity,"$28,579,600",25.29%,"5,352",$45.35,-1.35%,No,False,0.55%,2.88%,38.24%,N/A,N/A,"$14,351,860.00",$0.00,$0.00,"$18,802,690.00","$22,979,808.75","$22,979,808.75",Technology Equities,2022-02-15,0.76%,N/A,$0.09,2023-12-18,$0.09,0.19%,22.94,0.69,45,58.00%,40%,20%,1099,$43.96,$46.59,$45.20,$45.63,58.14,C,C+,N/A,B+,N/A,N/A,5.82,28.76%,33.16%,86.64,0.00%,1.41%
AAPD,Direxion Daily AAPL Bear 1X Shares ETF,Equity,"$27,363,400",-13.88%,"376,635",$16.91,0.42%,Yes,-1x,-2.54%,0.44%,-21.97%,N/A,N/A,"-$20,125.00","$5,938,650.00","$9,406,825.00","-$1,751,800.00","$36,627,750.00","$36,627,750.00",Inverse Equities,2022-08-09,1.06%,N/A,$0.80,2024-09-24,$0.15,4.73%,0.00,1.30,2,100.00%,40%,20%,1099,$16.45,$17.79,$16.81,$17.05,45.31,N/A,C,N/A,N/A,N/A,N/A,5.26,11.29%,25.56%,2.01,0.00%,0.01%
IVES,Amplify Global Cloud Technology ETF,Equity,"$26,361,700",15.53%,"3,422",$47.52,-0.96%,No,False,3.50%,0.67%,39.04%,-4.46%,5.95%,"-$2,183,490.00",$0.00,$0.00,"-$5,645,310.00","-$18,903,965.00","-$19,824,745.00",Technology Equities,2016-03-08,0.68%,N/A,$0.01,2024-03-26,$0.01,0.02%,0.00,1.08,66,40.77%,40%,20%,1099,$44.42,$47.84,$47.36,$47.61,58.75,B-,B,B-,C,C,N/A,6.65,47.37%,53.52%,133.61,0.00%,8.39%
AAPB,GraniteShares 2x Long AAPL Daily ETF,Equity,"$26,044,200",23.55%,"158,143",$28.38,-0.94%,No,1.75x,5.03%,-1.42%,45.82%,N/A,N/A,"$13,115,600.00","-$1,973,100.00","-$2,470,500.00","$11,641,800.00","$16,441,526.14","$16,441,526.14",Leveraged Equities,2022-08-09,1.15%,N/A,$4.31,2023-12-27,$4.31,15.17%,0.00,-2.23,3,100.00%,40%,20%,1099,$25.71,$29.95,$27.93,$28.69,53.54,N/A,C,N/A,N/A,N/A,N/A,0.0,N/A,N/A,N/A,N/A,N/A
IQM,Franklin Intelligent Machines ETF,Equity,"$25,072,000",23.16%,"3,038",$62.84,0.24%,No,False,4.13%,-0.09%,45.52%,7.14%,N/A,"$571,000.00",$0.00,$0.00,"-$1,961,500.00","$8,180,500.00","$14,736,500.00",Technology Equities,2020-02-25,0.50%,N/A,$0.00,2021-12-13,$0.09,0.00%,35.44,1.41,56,48.16%,40%,20%,1099,$56.76,$64.09,$62.74,$63.03,56.30,C,B+,N/A,B,C,N/A,7.9,93.00%,95.44%,20.29,0.37%,13.16%
NVDD,Direxion Daily NVDA Bear 1X Shares,Equity,"$24,894,000",-66.69%,"2,536,274",$7.21,-2.30%,Yes,-1x,-8.70%,2.19%,-72.02%,N/A,N/A,"$22,935,575.00","-$257,150.00","$1,596,825.00","$23,547,575.00","$24,230,375.00","$24,230,375.00",Inverse Equities,2023-09-13,1.01%,N/A,$0.53,2024-09-24,$0.07,7.38%,N/A,N/A,2,100.00%,40%,20%,1099,$7.00,$8.68,$7.12,$7.32,42.85,A,C,N/A,A,A-,N/A,5.42,24.19%,27.49%,1.82,0.00%,0.00%
IBLC,iShares Blockchain and Tech ETF,Equity,"$23,677,800",0.83%,"11,720",$29.39,-0.98%,No,False,7.96%,-5.05%,91.83%,N/A,N/A,"$5,317,700.00","$1,421,920.00","$2,827,260.00","$8,861,630.00","$13,891,560.00","$13,891,560.00",Technology Equities,2022-04-25,0.47%,N/A,$0.41,2024-06-11,$0.08,1.38%,6.16,-4.06,37,67.88%,40%,20%,1099,$24.72,$29.88,$29.12,$29.92,53.18,B,B+,N/A,C,N/A,N/A,3.82,14.84%,3.87%,296.19,0.00%,3.78%
WFH,Direxion Work From Home ETF,Equity,"$23,357,700",6.90%,"1,989",$58.02,-0.57%,No,False,3.09%,2.11%,26.03%,-8.62%,N/A,"-$6,979,250.00",$0.00,"-$4,158,975.00","-$11,080,450.00","-$59,427,600.00","$2,872,550.00",All Cap Equities,2020-06-25,0.45%,N/A,$0.60,2024-09-24,$0.09,1.04%,0.00,0.94,41,26.91%,40%,20%,1099,$53.60,$58.60,N/A,N/A,63.01,C+,B+,N/A,C,B-,N/A,6.63,46.91%,52.98%,15.22,5.92%,3.79%
TIME,Clockwise Core Equity & Innovation ETF,Equity,"$22,092,500",31.29%,"9,009",$27.57,-0.18%,No,False,2.47%,2.53%,53.22%,N/A,N/A,"$1,069,232.29","-$690,390.00","-$690,390.00","$1,027,482.29","$1,516,982.29","$1,516,982.29",Technology Equities,2022-01-27,1.00%,N/A,$4.42,2023-12-27,$4.42,16.02%,0.00,1.15,35,51.56%,40%,20%,1099,$25.48,$27.81,$27.51,$27.68,61.08,B+,C,A-,C+,C+,N/A,6.18,37.79%,40.38%,127.78,10.51%,6.10%
XPND,First Trust Expanded Technology ETF,Equity,"$21,408,800",21.38%,"3,415",$28.51,-0.07%,No,False,2.45%,1.85%,41.56%,10.13%,N/A,"$5,277,050.00",$0.00,$0.00,"$10,873,650.00","$3,300,250.00","$16,825,000.00",Technology Equities,2021-06-14,0.65%,N/A,$0.02,2024-03-21,$0.01,0.06%,25.18,1.29,51,46.18%,40%,20%,1099,$26.53,$28.97,$28.41,$28.64,58.30,B+,B-,C+,C+,B+,N/A,7.13,68.57%,75.03%,11.17,5.27%,5.47%
KSTR,KraneShares SSE Star Market 50 Index ETF,Equity,"$20,400,200",-20.73%,"10,834",$9.73,-2.99%,No,False,4.37%,-1.50%,-21.56%,-25.46%,N/A,"-$3,843,599.91","$18,333.34","-$1,365.49","-$5,120,069.10","-$48,356,691.28","$65,263,608.09",China Equities,2021-01-27,0.89%,N/A,$0.00,N/A,N/A,0.00%,0.03,0.63,51,49.91%,40%,20%,1099,$9.17,$9.95,$9.71,$9.78,49.78,A,C+,N/A,C,B-,N/A,2.62,5.71%,0.82%,68.82,0.74%,2.65%
NBDS,Neuberger Berman Disrupters ETF,Equity,"$19,805,900",20.46%,"2,705",$30.39,0.40%,No,False,4.69%,2.22%,42.55%,N/A,N/A,"$4,830,980.00",$0.00,$0.00,"$4,929,167.50","$9,251,497.50","$9,251,497.50",Technology Equities,2022-04-06,0.55%,N/A,$0.00,N/A,N/A,0.00%,0.00,-1.43,26,51.09%,40%,20%,1099,$27.45,$30.72,$30.36,$30.46,59.77,B,B,A,C,C+,N/A,7.22,73.46%,78.88%,27.27,14.90%,11.61%
KEMQ,KraneShares Emerging Markets Consumer Technology Index ETF,Equity,"$15,425,600",18.20%,"1,957",$17.38,-1.53%,No,False,10.02%,6.94%,25.87%,-14.33%,-3.70%,"$2,639,814.09","-$1,975.80","-$1,557,092.30","$514,274.58","-$35,640,256.10","$24,305,370.36",Emerging Markets Equities,2017-10-11,0.60%,N/A,$0.04,2023-12-18,$0.04,0.25%,0.03,0.85,50,36.60%,40%,20%,1099,$14.86,$17.12,N/A,N/A,66.09,B+,B-,A,C,C,N/A,6.04,43.12%,37.45%,96.87,0.85%,5.01%
IBOT,Vaneck Robotics ETF,Equity,"$15,289,400",10.54%,"3,180",$43.91,0.00%,No,False,2.80%,-1.48%,29.71%,N/A,N/A,"$10,506,438.25",$0.00,"$1,057,576.75","$11,501,045.25","$14,164,429.61","$14,164,429.61",Technology Equities,2023-04-05,0.47%,N/A,$0.82,2023-12-18,$0.82,1.86%,N/A,N/A,63,42.91%,40%,20%,1099,$40.91,$44.98,$43.80,$44.11,53.74,N/A,B+,N/A,N/A,C+,N/A,7.7,88.57%,91.78%,21.18,2.18%,9.54%
WEBS,Direxion Daily Dow Jones Internet Bear 3X Shares,Equity,"$14,173,900",-33.83%,"395,368",$5.43,0.56%,Yes,-3x,-11.50%,-12.20%,-61.57%,-24.93%,N/A,"-$735,600.01","$1,367,500.00","$1,037,650.00","-$694,450.01","$47,451,599.99","$61,563,567.33",Inverse Equities,2019-11-07,1.10%,N/A,$0.41,2024-09-24,$0.07,7.53%,0.00,-2.85,1,100.00%,40%,20%,1099,$5.27,$7.31,$5.36,$5.47,36.01,B+,C+,N/A,C,B+,N/A,5.68,43.55%,31.07%,1.82,0.00%,0.00%
WISE,Themes Generative Artificial Intelligence ETF,Equity,"$13,006,400",8.82%,"8,303",$29.73,0.13%,No,False,4.50%,2.77%,N/A,N/A,N/A,"$11,699,300.00",$0.00,"-$66,600.00","$14,154,700.00","$14,154,700.00","$14,154,700.00",Technology Equities,2023-12-08,0.35%,N/A,$0.00,N/A,N/A,0.00%,N/A,N/A,42,43.34%,40%,20%,1099,$26.66,$30.02,$29.59,$29.80,59.56,N/A,A-,N/A,N/A,C+,N/A,6.1,36.13%,38.49%,17.35,5.96%,9.74%
BERZ,MicroSectors Solactive FANG & Innovation -3X Inverse Leveraged ETN,Equity,"$12,533,100",-55.50%,"129,735",$17.49,-2.35%,Yes,-3x,-17.11%,-11.08%,-77.69%,-56.97%,N/A,"$12,398,053.93",$0.00,$0.00,"$12,398,053.93","$43,824,097.45","$43,814,149.16",Inverse Equities,2021-08-17,0.95%,N/A,$0.00,N/A,N/A,0.00%,0.00,-4.78,0,0.00%,40%,20%,1099,$17.35,$24.41,$17.24,$17.85,39.28,N/A,A-,N/A,N/A,A-,N/A,0.0,N/A,N/A,N/A,N/A,N/A
BCDF,Horizon Kinetics Blockchain Development ETF,Equity,"$11,762,300",12.53%,"1,403",$27.63,-0.83%,No,False,1.33%,2.62%,33.65%,N/A,N/A,"$3,689,170.00",$0.00,$0.00,"$6,494,772.50","$10,035,582.27","$10,035,582.27",Technology Equities,2022-08-01,0.85%,N/A,$0.17,2023-12-27,$0.17,0.61%,0.00,1.08,29,57.64%,40%,20%,1099,$26.36,$27.88,$27.60,$27.69,63.80,C+,C,C,B-,B,N/A,6.63,46.82%,52.80%,7.79,11.74%,0.01%
KTEC,KraneShares Hang Seng TECH Index ETF,Equity,"$8,602,370",9.06%,"9,706",$12.59,-3.82%,No,False,14.86%,15.83%,7.81%,-12.25%,N/A,"$2,279,288.53","-$2,131.53",-$741.03,"$1,695,926.41","$10,374,143.36","$12,873,864.88",China Equities,2021-06-09,0.69%,N/A,$0.09,2023-12-18,$0.09,0.76%,0.00,0.24,30,70.75%,40%,20%,1099,$9.96,$12.34,$12.34,$12.78,66.14,N/A,B,N/A,N/A,C+,N/A,6.14,36.96%,39.43%,25.78,0.00%,10.29%
FFND,Future Fund Active ETF,Equity,"$8,463,600",14.98%,"2,089",$23.49,-0.09%,No,False,4.47%,0.39%,26.02%,-2.84%,N/A,"-$2,141,600.00",$0.00,$0.00,"-$2,141,600.00","-$940,600.00","$10,668,775.00",Technology Equities,2021-08-24,1.00%,N/A,$0.00,2021-12-21,$0.01,0.00%,31.00,1.30,34,48.83%,40%,20%,1099,$21.62,$23.74,$23.48,$23.52,57.52,B,C,C,C,B,N/A,6.66,38.66%,54.19%,43.48,4.85%,11.83%
TYLG,Global X Information Technology Covered Call & Growth ETF,Equity,"$8,164,630",14.35%,"2,383",$32.73,0.40%,No,False,2.61%,1.35%,31.21%,N/A,N/A,"$3,923,416.63",-$240.74,"-$1,279,843.08","$4,229,564.19","$7,309,311.38","$7,309,311.38",Technology Equities,2022-11-21,0.60%,N/A,$4.05,2024-09-23,$0.21,12.42%,0.00,-1.05,72,81.71%,40%,20%,1099,$30.26,$33.23,$32.70,$32.77,57.92,B-,B,A-,A-,A,N/A,8.24,96.87%,98.78%,21.78,2.56%,18.31%
SATO,Invesco Alerian Galaxy Crypto Economy ETF,Equity,"$7,745,020",10.87%,"3,720",$15.35,-0.65%,No,False,6.69%,-2.71%,114.34%,N/A,N/A,"-$1,500,550.00",$0.00,$0.00,"-$764,000.00","$7,096,800.00","$7,096,800.00",Technology Equities,2021-10-07,0.60%,N/A,$0.42,2024-09-23,$0.02,2.73%,5.01,2.28,44,47.23%,40%,20%,1099,$13.03,$15.50,$15.21,$15.56,54.64,N/A,B-,N/A,N/A,N/A,N/A,0.0,N/A,N/A,N/A,N/A,N/A
MSFD,Direxion Daily MSFT Bear 1X Shares ETF,Equity,"$7,451,960",-10.63%,"102,405",$13.46,-0.66%,Yes,-1x,-0.24%,-3.22%,-25.08%,N/A,N/A,"$908,850.00","$1,678,700.00","$2,073,000.00","$2,342,950.00","$9,246,100.00","$9,246,100.00",Inverse Equities,2022-09-07,1.06%,N/A,$0.63,2024-09-24,$0.11,4.69%,0.00,1.55,1,100.00%,40%,20%,1099,$13.05,$14.50,N/A,N/A,45.29,N/A,C,N/A,N/A,N/A,N/A,5.39,20.97%,27.17%,1.82,0.00%,0.00%
IDAT,iShares Future Cloud 5G and Tech ETF,Equity,"$7,449,500",12.69%,"1,571",$30.97,-0.16%,No,False,3.91%,-0.62%,36.43%,5.59%,N/A,$0.00,$0.00,$0.00,$0.00,"-$1,883,416.00","$127,424.00",Technology Equities,2021-06-08,0.47%,N/A,$0.25,2024-06-11,$0.11,0.80%,15.10,1.17,48,34.59%,40%,20%,1099,$28.72,$31.32,$30.92,$31.07,56.40,B-,B+,C+,B-,C,N/A,7.35,78.53%,82.82%,67.27,0.00%,7.70%
GFOF,Grayscale Future of Finance ETF,Equity,"$7,374,840",5.77%,"1,955",$18.30,-0.38%,No,False,6.33%,-1.72%,86.23%,N/A,N/A,"-$472,055.00",$0.00,$0.00,"-$377,600.00","$11,921,554.07","$11,921,554.07",Technology Equities,2022-02-01,0.70%,N/A,$1.36,2024-06-21,$0.71,7.37%,0.00,2.18,22,64.39%,40%,20%,1099,$15.67,$18.51,N/A,N/A,55.32,B-,C+,C,C,C,N/A,3.69,14.19%,3.26%,240.75,0.00%,0.01%
IVRS,iShares Future Metaverse Tech and Communications ETF,Equity,"$6,799,700",3.44%,603,$33.69,-0.88%,No,False,3.19%,0.68%,23.13%,N/A,N/A,$0.00,$0.00,$0.00,"-$13,325.00","-$13,325.00","-$13,325.00",Technology Equities,2023-02-16,0.47%,N/A,$0.09,2024-06-11,$0.00,0.27%,23.03,0.00,40,48.26%,40%,20%,1099,$31.40,$33.96,N/A,N/A,58.24,C,B+,N/A,C+,B,N/A,7.01,62.30%,70.03%,10.59,0.00%,4.68%
TCHI,iShares MSCI China Multisector Tech ETF,Equity,"$6,612,600",-2.87%,"2,266",$16.39,-2.21%,No,False,10.82%,5.75%,1.91%,N/A,N/A,$0.00,$0.00,$0.00,$0.00,$0.00,$0.00,China Equities,2022-01-25,0.59%,N/A,$0.73,2024-06-11,$0.07,4.47%,14.06,0.33,0,N/A,40%,20%,1099,$14.07,$16.15,N/A,N/A,61.14,C,C,C+,A,N/A,N/A,4.68,67.03%,18.56%,83.79,0.00%,6.08%
SSG,Proshares Ultrashort Semiconductors,Equity,"$6,484,570",-73.29%,"196,691",$6.38,-4.06%,Yes,-2x,-15.38%,-2.60%,-83.23%,-63.11%,-66.53%,"$6,835,723.99",$0.00,"-$2,738,990.00","$6,780,854.99","$24,412,929.99","$67,573,566.03",Inverse Equities,2007-01-30,0.95%,N/A,$0.35,2024-06-26,$0.09,5.27%,0.00,-2.47,3,100.00%,40%,20%,1099,$6.07,$8.99,$6.27,$6.50,42.03,B-,B,A-,C+,B,C+,0.0,N/A,N/A,N/A,N/A,N/A
TINY,ProShares Nanotechnology ETF,Equity,"$6,043,140",15.67%,"1,906",$48.28,0.02%,No,False,4.67%,-2.53%,41.73%,N/A,N/A,"$2,483,190.00",$0.00,$0.00,"$2,483,190.00","$1,534,450.14","$1,534,450.14",Technology Equities,2021-10-26,0.58%,N/A,$0.13,2023-12-20,$0.07,0.26%,0.00,1.47,31,54.31%,40%,20%,1099,$43.70,$49.45,$48.28,$48.28,52.50,C,B,N/A,C+,B-,N/A,6.76,51.15%,59.10%,51.64,0.00%,6.43%
XDAT,Franklin Exponential Data ETF,Equity,"$5,955,000",8.68%,"2,062",$23.69,-0.46%,No,False,2.40%,3.71%,35.26%,-6.53%,N/A,"$1,157,500.00",$0.00,$0.00,"$1,157,500.00","$1,957,500.00","$3,243,500.00",Technology Equities,2021-01-12,0.50%,N/A,$0.00,N/A,N/A,0.00%,39.42,0.95,44,53.61%,40%,20%,1099,$21.88,$24.08,$23.67,$23.74,61.89,C,B+,N/A,C+,C+,N/A,6.78,51.61%,59.94%,28.42,0.00%,4.15%
DAT,ProShares Big Data Refiners ETF,Equity,"$5,304,360",6.75%,"2,242",$35.15,-0.42%,No,False,1.55%,-1.30%,31.27%,N/A,N/A,"$739,377.56",$0.00,$0.00,"$739,405.06","$1,330,813.12","$1,330,813.12",Technology Equities,2021-09-29,0.58%,N/A,$0.00,N/A,N/A,0.00%,0.00,0.91,30,52.32%,40%,20%,1099,$33.57,$35.89,$35.13,$35.20,52.41,B-,B,N/A,C,B,N/A,6.83,52.53%,62.02%,13.75,1.78%,1.88%
GAST,Gabelli Automation ETF,Equity,"$5,264,800",6.73%,158,$26.09,-1.02%,No,False,0.60%,0.31%,16.03%,N/A,N/A,"$246,540.00",$0.00,$0.00,"-$206,860.00","$37,520.00","$37,520.00",Technology Equities,2022-01-05,0.90%,N/A,$0.21,2023-12-27,$0.21,0.78%,0.00,0.81,47,38.86%,40%,20%,1099,$24.71,$26.72,$26.09,$26.09,54.06,C,A+,B+,B-,B+,N/A,6.86,68.60%,63.31%,91.89,9.43%,1.96%
VERS,ProShares Metaverse ETF,Equity,"$5,231,090",2.61%,291,$43.28,-0.78%,No,False,0.79%,-0.57%,26.84%,N/A,N/A,"-$2,147,192.00",$0.00,$0.00,"-$2,147,192.00","$1,008,903.00","$1,008,903.00",Technology Equities,2022-03-15,0.58%,N/A,$0.29,2024-06-26,$0.06,0.66%,0.06,1.74,41,42.20%,40%,20%,1099,$40.70,$44.25,$43.28,$43.28,53.79,B-,B,N/A,C,N/A,N/A,5.82,28.57%,33.11%,22.84,4.25%,6.37%
BNGE,First Trust S-Network Streaming and Gaming ETF,Equity,"$5,207,450",11.14%,"1,232",$26.13,0.04%,No,False,4.33%,3.19%,28.44%,N/A,N/A,-$800.00,$0.00,$0.00,-$800.00,"$2,169,110.50","$2,169,110.50",Technology Equities,2022-01-25,0.70%,N/A,$0.18,2024-03-21,$0.00,0.69%,23.25,1.24,46,47.17%,40%,20%,1099,$23.88,$26.09,$26.06,$26.25,62.65,C,C+,N/A,N/A,N/A,N/A,6.66,72.92%,54.16%,15.96,22.80%,7.01%
AGIX,KraneShares Artificial Intelligence & Technology ETF,Equity,"$5,068,560",N/A,N/A,$25.42,0.28%,No,False,4.19%,1.81%,N/A,N/A,N/A,"$4,846,430.39",-$211.52,"$1,009.24","$4,846,430.39","$4,846,430.39","$4,846,430.39",Technology Equities,2024-07-18,1.00%,N/A,$0.00,N/A,N/A,0.00%,N/A,N/A,40,46.72%,40%,20%,1099,$22.93,$25.70,$25.39,$25.46,57.10,N/A,C,N/A,N/A,N/A,N/A,7.17,71.43%,77.03%,24.18,6.58%,8.70%
BPAY,BlackRock Future Financial and Technology ETF,Equity,"$4,953,220",7.04%,338,$24.36,-1.93%,No,False,-2.22%,-3.24%,21.80%,N/A,N/A,$0.00,$0.00,$0.00,$0.00,$0.00,$0.00,Technology Equities,2022-08-16,0.70%,N/A,$0.25,2024-06-11,$0.06,1.01%,13.50,1.95,38,42.03%,40%,20%,1099,$24.17,$25.53,$24.36,$24.36,47.41,C,C+,N/A,A,B-,N/A,6.17,37.60%,40.18%,3.97,0.00%,0.47%
REW,ProShares UltraShort Technology,Equity,"$4,571,730",-29.58%,"35,848",$11.11,-2.20%,Yes,-2x,-7.83%,-2.79%,-49.76%,-28.27%,-46.29%,"$3,021,058.63",$0.00,"$257,970.00","$3,086,422.50","$3,835,832.61","$34,849,581.12",Inverse Equities,2007-01-30,0.95%,N/A,$0.50,2024-06-26,$0.15,4.38%,0.00,-2.09,3,100.00%,40%,20%,1099,$10.73,$13.53,$11.02,$11.19,42.16,B,B,B+,B,B,B,0.0,N/A,N/A,N/A,N/A,N/A
CLDL,Direxion Daily Cloud Computing Bull 2X Shares,Equity,"$4,045,610",-9.08%,"8,632",$9.91,-2.08%,No,2x,4.14%,3.01%,25.73%,-30.18%,N/A,"-$3,954,925.00",$0.00,$0.00,"-$4,649,050.00","-$7,620,950.00","$16,611,575.00",Leveraged Equities,2021-01-08,0.97%,N/A,$0.00,2021-12-09,$1.02,0.00%,0.00,2.04,49,62.11%,40%,20%,1099,$8.94,$10.27,$9.83,$10.01,56.16,B-,B-,N/A,C+,C+,N/A,7.44,85.80%,85.49%,16.79,4.63%,3.79%
UCYB,ProShares Ultra Nasdaq Cybersecurity ETF,Equity,"$3,957,430",12.15%,"1,449",$43.16,-1.95%,No,2x,6.04%,1.17%,56.61%,-3.23%,N/A,"$1,341,792.57",$0.00,$0.00,"$1,024,265.62","$1,293,362.08","$321,919.58",Leveraged Equities,2021-01-19,0.97%,N/A,$0.66,2024-06-26,$0.31,1.53%,0.04,1.67,2,100.00%,40%,20%,1099,$38.24,$44.82,$42.94,$43.50,56.59,B-,C,C,C,C+,N/A,0.0,N/A,N/A,N/A,N/A,N/A
ARVR,First Trust Indxx Metaverse ETF,Equity,"$3,711,270",6.49%,483,$37.13,-0.80%,No,False,3.50%,1.23%,30.05%,N/A,N/A,"$1,771,000.00",$0.00,$0.00,"$1,771,000.00","$3,512,500.00","$3,512,500.00",Technology Equities,2022-04-19,0.70%,N/A,$0.05,2024-06-27,$0.02,0.13%,19.97,-1.30,43,34.45%,40%,20%,1099,$34.66,$37.45,$37.13,$37.13,56.91,N/A,C+,N/A,N/A,B+,N/A,6.65,47.28%,53.48%,32.86,0.00%,5.55%
KNGS,Roundhill S&P Dividend Monarchs ETF,Equity,"$3,238,040",6.76%,489,$29.26,-0.81%,No,False,-0.92%,0.51%,N/A,N/A,N/A,"$827,774.00",$0.00,$0.00,"$2,922,080.90","$2,922,080.90","$2,922,080.90",All Cap Equities,2023-11-02,0.60%,N/A,$0.62,2024-06-27,$0.20,2.10%,0.04,1.14,40,42.52%,40%,20%,1099,$28.96,$29.75,$29.22,$29.33,54.49,C,B-,N/A,B+,A-,N/A,6.54,24.56%,49.59%,194.21,0.00%,5.16%
BLKC,Invesco Alerian Galaxy Blockchain Users and Decentralized Commerce ETF,Equity,"$3,182,870",N/A,N/A,N/A,0.00%,No,False,N/A,N/A,N/A,N/A,N/A,"-$1,012,700.00",$0.00,$0.00,"-$1,012,700.00","-$1,012,700.00","-$1,012,700.00",Technology Equities,2021-10-07,0.60%,N/A,N/A,N/A,N/A,N/A,N/A,N/A,64,29.54%,40%,20%,1099,N/A,N/A,N/A,N/A,"",N/A,B-,N/A,N/A,N/A,N/A,5.91,31.06%,35.19%,100.78,3.97%,2.45%
BWEB,Bitwise Web3 ETF,Equity,"$2,985,540",6.01%,425,$46.14,-1.05%,No,False,4.07%,0.57%,56.50%,N/A,N/A,"$1,773,000.00",$0.00,$0.00,"$1,778,660.00","$2,142,060.00","$2,142,060.00",Technology Equities,2022-10-04,0.85%,N/A,$0.00,N/A,N/A,0.00%,19.39,-2.45,42,61.33%,40%,20%,1099,$41.10,$46.83,$46.14,$46.14,58.61,C,C,N/A,A,C,N/A,5.33,23.41%,26.44%,58.73,1.34%,5.03%
SKYU,ProShares Ultra Nasdaq Cloud Computing ETF,Equity,"$2,592,020",24.79%,"2,460",$27.13,-0.70%,No,2x,6.10%,7.70%,70.86%,-18.58%,N/A,"-$1,207,082.00",$0.00,"-$738,138.00","-$1,294,703.00","$1,192,008.28","-$1,250,811.72",Leveraged Equities,2021-01-19,0.95%,N/A,$0.00,N/A,N/A,0.00%,0.00,2.13,64,60.39%,40%,20%,1099,$22.27,$27.85,$27.04,$27.19,63.09,C,A-,N/A,C+,C+,N/A,7.38,84.62%,83.86%,17.36,6.37%,1.65%
JFWD,Jacob Forward ETF,Equity,"$2,238,430",1.44%,651,$10.57,-1.03%,No,False,-1.72%,-1.22%,41.61%,-19.82%,N/A,"-$925,388.00",$0.00,"-$210,306.00","-$1,118,683.00","-$1,642,868.00","$5,828,294.00",Technology Equities,2021-07-13,0.75%,N/A,$0.00,2021-12-08,$0.07,0.00%,0.00,1.16,38,53.41%,40%,20%,1099,$9.87,$11.03,$10.57,$10.57,52.31,C,C+,N/A,C,C+,N/A,4.43,16.87%,13.05%,26.01,10.39%,7.16%
SPAM,Themes Cybersecurity ETF,Equity,"$1,719,000",7.45%,606,$28.57,-0.42%,No,False,2.40%,-1.01%,N/A,N/A,N/A,"$1,095,600.00",$0.00,$0.00,"$1,095,600.00","$1,095,600.00","$1,095,600.00",Technology Equities,2023-12-08,0.35%,N/A,$0.00,N/A,N/A,0.00%,N/A,N/A,36,50.19%,40%,20%,1099,$26.99,$29.07,$28.52,$28.61,57.37,N/A,A-,N/A,N/A,B-,N/A,6.22,38.06%,41.20%,76.19,8.50%,0.97%
CLOD,Themes Cloud Computing ETF,Equity,"$1,406,480",10.21%,558,$27.97,-0.64%,No,False,2.71%,2.33%,N/A,N/A,N/A,"$810,462.00",$0.00,$0.00,"$1,310,437.00","$1,310,437.00","$1,310,437.00",Technology Equities,2023-12-15,0.35%,N/A,$0.00,N/A,N/A,0.00%,N/A,N/A,52,46.26%,40%,20%,1099,$26.04,$28.38,$27.95,$27.98,58.28,N/A,A-,N/A,N/A,B-,N/A,0.0,N/A,N/A,N/A,N/A,N/A
BULD,Pacer BlueStar Engineering the Future ETF,Equity,"$850,000",-3.83%,223,$21.44,0.85%,No,False,3.03%,-1.45%,18.07%,N/A,N/A,$0.00,$0.00,$0.00,"-$792,800.00","$766,379.48","$766,379.48",Technology Equities,2022-05-04,0.60%,N/A,$0.04,2024-06-27,$0.03,0.16%,0.00,-1.46,54,55.88%,40%,20%,1099,$19.66,$21.91,$21.44,$21.44,53.25,C,B,B+,C,B-,N/A,7.96,93.73%,96.42%,13.56,0.66%,4.69%
MRAD,SmartETFs Advertising & Marketing Technology ETF,Equity,"$757,620",-3.56%,294,$14.80,-0.80%,No,False,1.66%,-3.94%,12.96%,-20.30%,N/A,"-$465,076.00",$0.00,$0.00,"-$465,076.00","-$675,444.00","$1,662,926.00",Technology Equities,2020-12-31,0.68%,N/A,$0.00,N/A,N/A,0.00%,0.02,0.96,32,46.74%,40%,20%,1099,$14.19,$15.22,$14.80,$14.80,50.67,C,B-,N/A,C+,C+,N/A,5.93,31.24%,35.53%,9.44,4.48%,0.29%
BITW,Bitwise 10 Crypto Index Fund,Equity,$0,N/A,N/A,N/A,0.00%,No,False,N/A,N/A,N/A,N/A,N/A,$0.00,$0.00,$0.00,$0.00,$0.00,$0.00,Technology Equities,2017-11-22,2.50%,N/A,N/A,N/A,N/A,N/A,N/A,N/A,0,0.00%,N/A,N/A,N/A,N/A,N/A,N/A,N/A,"",N/A,C,N/A,N/A,N/A,N/A,0.0,N/A,N/A,N/A,N/A,N/A
